month,version_checks,landing_page,guestbook_submit,zip_download
2017-01,18574,4123,3688,7398
2017-02,19773,4126,3132,6055
2017-03,39341,5048,3794,8000
2017-04,30431,4586,3373,11935
2017-06,30421,2342,1670,2944
2017-07,21070,838,577,779
2017-08,48322,760,584,651
2021-02,8,345,205,270
2021-03,42,24,47,48
2021-04,10,25,112,36
2021-05,7,14,23,250
2021-06,0,12,9,4
2021-07,0,16,13,17
2021-08,0,21,17,13
2021-09,1,27,6,5
2021-10,0,19,38,18
2021-11,1,15,27,19
2021-12,3,13,24,0
2022-01,0,12,10,4
2022-02,34,19,68,23
2022-03,18,11,67,15
2022-04,3,13,19,8
2022-05,2,33,29,275
2022-06,0,21,21,1
2022-07,3,8,29,0
2022-08,161,160,97,117
2022-09,1800,548,332,976
2022-10,3668,720,474,681
2022-11,3102,740,462,671
2022-12,3416,496,307,437
2023-01,1813,390,255,358
2023-02,1482,521,274,523
2023-03,3598,639,473,581
2023-04,3409,624,388,499
2023-05,3405,670,359,595
2023-06,2846,466,249,454
2023-07,1608,316,205,400
2023-08,883,306,164,347
2023-09,2016,446,251,443
2023-10,3349,623,344,517
2023-11,2685,577,306,432
2023-12,4698,460,264,320
2024-01,2147,505,299,449
2024-02,2123,394,196,296
2024-03,2098,497,274,374
2024-04,3929,600,362,511
2024-05,3989,584,293,427
2024-06,4436,347,158,211
2024-07,1777,248,145,159
2024-08,2137,374,185,277
2024-09,1633,454,227,405
2024-10,3831,552,260,401
2024-11,3799,550,276,397
2024-12,6524,406,186,286
2025-01,3039,425,229,386
2025-02,1633,487,260,379
2025-03,2954,529,289,427
2025-04,4162,586,287,520
2025-05,4812,447,185,440
2025-06,3812,410,185,295
2025-07,1744,272,111,215
2025-08,2228,232,69,140
2025-09,3451,454,182,301
2025-10,2996,505,192,270
2025-11,5086,494,224,349
2025-12,5428,374,179,303
2026-01,3110,391,158,247
2026-02,2033,449,221,387
2026-03,4801,597,271,372
2026-04,0,960,368,702
2026-05,0,1056,391,633
2026-06,0,670,285,416
2026-07,0,1251,120,217
2026-08,0,233,80,106
2026-09,0,553,241,407
2026-10,0,5,4,11
