date,event,country,detail,count,users
2026-09-01,check,*,*,38,11
2026-09-01,check,*,R2016a,4,2
2026-09-01,check,*,R2017b,5,1
2026-09-01,check,*,R2018a,1,1
2026-09-01,check,*,R2022b,2,1
2026-09-01,check,*,R2025a,2,1
2026-09-01,check,*,R2025b,4,1
2026-09-01,check,*,R2026a,20,4
2026-09-01,check,CN,*,8,3
2026-09-01,check,CN,R2016a,1,1
2026-09-01,check,CN,R2017b,5,1
2026-09-01,check,CN,R2022b,2,1
2026-09-01,check,KR,*,2,1
2026-09-01,check,KR,R2025a,2,1
2026-09-01,check,MG,*,1,1
2026-09-01,check,MG,R2018a,1,1
2026-09-01,check,MX,*,8,3
2026-09-01,check,MX,R2025b,4,1
2026-09-01,check,MX,R2026a,4,2
2026-09-01,check,MY,*,3,1
2026-09-01,check,MY,R2016a,3,1
2026-09-01,check,PL,*,2,1
2026-09-01,check,PL,R2026a,2,1
2026-09-01,check,US,*,14,1
2026-09-01,check,US,R2026a,14,1
2026-09-02,check,*,*,44,12
2026-09-02,check,*,R2016a,1,1
2026-09-02,check,*,R2022a,1,1
2026-09-02,check,*,R2022b,15,2
2026-09-02,check,*,R2023a,12,1
2026-09-02,check,*,R2023b,2,1
2026-09-02,check,*,R2024a,3,1
2026-09-02,check,*,R2024b,4,2
2026-09-02,check,*,R2025b,2,1
2026-09-02,check,*,R2026a,4,2
2026-09-02,check,AR,*,12,1
2026-09-02,check,AR,R2023a,12,1
2026-09-02,check,CN,*,8,4
2026-09-02,check,CN,R2016a,1,1
2026-09-02,check,CN,R2022b,2,1
2026-09-02,check,CN,R2024a,3,1
2026-09-02,check,CN,R2024b,2,1
2026-09-02,check,CO,*,2,1
2026-09-02,check,CO,R2026a,2,1
2026-09-02,check,MX,*,6,3
2026-09-02,check,MX,R2023b,2,1
2026-09-02,check,MX,R2024b,2,1
2026-09-02,check,MX,R2025b,2,1
2026-09-02,check,PL,*,2,1
2026-09-02,check,PL,R2026a,2,1
2026-09-02,check,TW,*,13,1
2026-09-02,check,TW,R2022b,13,1
2026-09-02,check,YE,*,1,1
2026-09-02,check,YE,R2022a,1,1
2026-09-03,check,*,*,104,16
2026-09-03,check,*,R2013a,2,1
2026-09-03,check,*,R2015b,1,1
2026-09-03,check,*,R2022b,25,2
2026-09-03,check,*,R2023a,3,1
2026-09-03,check,*,R2024a,22,3
2026-09-03,check,*,R2025a,16,2
2026-09-03,check,*,R2025b,19,3
2026-09-03,check,*,R2026a,12,1
2026-09-03,check,*,unknown,4,2
2026-09-03,check,BR,*,2,1
2026-09-03,check,BR,R2013a,2,1
2026-09-03,check,CN,*,6,3
2026-09-03,check,CN,R2015b,1,1
2026-09-03,check,CN,R2022b,2,1
2026-09-03,check,CN,R2023a,3,1
2026-09-03,check,CO,*,4,1
2026-09-03,check,CO,R2025a,4,1
2026-09-03,check,KR,*,24,3
2026-09-03,check,KR,R2024a,10,1
2026-09-03,check,KR,R2025a,12,1
2026-09-03,check,KR,R2025b,2,1
2026-09-03,check,MX,*,29,4
2026-09-03,check,MX,R2024a,12,2
2026-09-03,check,MX,R2025b,17,2
2026-09-03,check,TW,*,23,1
2026-09-03,check,TW,R2022b,23,1
2026-09-03,check,US,*,16,3
2026-09-03,check,US,R2026a,12,1
2026-09-03,check,US,unknown,4,2
2026-09-04,check,*,*,116,18
2026-09-04,check,*,R2015b,1,1
2026-09-04,check,*,R2019a,5,1
2026-09-04,check,*,R2020b,4,1
2026-09-04,check,*,R2021b,5,1
2026-09-04,check,*,R2022a,9,3
2026-09-04,check,*,R2022b,58,5
2026-09-04,check,*,R2024a,8,2
2026-09-04,check,*,R2025b,8,2
2026-09-04,check,*,R2026a,18,2
2026-09-04,check,CN,*,29,8
2026-09-04,check,CN,R2015b,1,1
2026-09-04,check,CN,R2019a,5,1
2026-09-04,check,CN,R2020b,4,1
2026-09-04,check,CN,R2021b,5,1
2026-09-04,check,CN,R2022b,2,1
2026-09-04,check,CN,R2024a,4,1
2026-09-04,check,CN,R2025b,8,2
2026-09-04,check,HK,*,22,2
2026-09-04,check,HK,R2022b,22,2
2026-09-04,check,KR,*,16,1
2026-09-04,check,KR,R2022b,16,1
2026-09-04,check,MX,*,4,1
2026-09-04,check,MX,R2024a,4,1
2026-09-04,check,TW,*,18,1
2026-09-04,check,TW,R2022b,18,1
2026-09-04,check,US,*,18,2
2026-09-04,check,US,R2026a,18,2
2026-09-04,check,YE,*,9,3
2026-09-04,check,YE,R2022a,9,3
2026-09-05,check,*,*,32,7
2026-09-05,check,*,R2022b,16,3
2026-09-05,check,*,R2025b,12,3
2026-09-05,check,*,R2026a,4,1
2026-09-05,check,CN,*,16,3
2026-09-05,check,CN,R2022b,8,2
2026-09-05,check,CN,R2025b,8,1
2026-09-05,check,PH,*,4,2
2026-09-05,check,PH,R2025b,4,2
2026-09-05,check,TW,*,8,1
2026-09-05,check,TW,R2022b,8,1
2026-09-05,check,US,*,4,1
2026-09-05,check,US,R2026a,4,1
2026-09-06,check,*,*,8,4
2026-09-06,check,*,R2023b,2,1
2026-09-06,check,*,R2025b,4,2
2026-09-06,check,*,R2026a,2,1
2026-09-06,check,CN,*,4,2
2026-09-06,check,CN,R2023b,2,1
2026-09-06,check,CN,R2026a,2,1
2026-09-06,check,KR,*,2,1
2026-09-06,check,KR,R2025b,2,1
2026-09-06,check,MX,*,2,1
2026-09-06,check,MX,R2025b,2,1
2026-09-07,check,*,*,197,50
2026-09-07,check,*,R2014b,1,1
2026-09-07,check,*,R2015b,1,1
2026-09-07,check,*,R2017b,1,1
2026-09-07,check,*,R2019a,21,2
2026-09-07,check,*,R2022b,6,1
2026-09-07,check,*,R2023a,111,31
2026-09-07,check,*,R2024a,6,1
2026-09-07,check,*,R2024b,3,1
2026-09-07,check,*,R2025b,35,6
2026-09-07,check,*,R2026a,12,5
2026-09-07,check,AR,*,2,1
2026-09-07,check,AR,R2023a,2,1
2026-09-07,check,CL,*,1,1
2026-09-07,check,CL,R2014b,1,1
2026-09-07,check,CN,*,174,42
2026-09-07,check,CN,R2015b,1,1
2026-09-07,check,CN,R2017b,1,1
2026-09-07,check,CN,R2019a,21,2
2026-09-07,check,CN,R2022b,6,1
2026-09-07,check,CN,R2023a,109,30
2026-09-07,check,CN,R2024a,6,1
2026-09-07,check,CN,R2024b,3,1
2026-09-07,check,CN,R2025b,23,4
2026-09-07,check,CN,R2026a,4,1
2026-09-07,check,KR,*,8,1
2026-09-07,check,KR,R2025b,8,1
2026-09-07,check,PL,*,2,1
2026-09-07,check,PL,R2026a,2,1
2026-09-07,check,SG,*,4,1
2026-09-07,check,SG,R2025b,4,1
2026-09-07,check,US,*,6,3
2026-09-07,check,US,R2026a,6,3
2026-09-08,check,*,*,201,32
2026-09-08,check,*,R2014a,8,5
2026-09-08,check,*,R2017b,1,1
2026-09-08,check,*,R2022a,1,1
2026-09-08,check,*,R2022b,21,6
2026-09-08,check,*,R2023a,5,1
2026-09-08,check,*,R2023b,6,3
2026-09-08,check,*,R2024a,20,3
2026-09-08,check,*,R2024b,12,1
2026-09-08,check,*,R2025a,7,2
2026-09-08,check,*,R2025b,110,6
2026-09-08,check,*,R2026a,10,3
2026-09-08,check,CN,*,146,14
2026-09-08,check,CN,R2014a,8,5
2026-09-08,check,CN,R2017b,1,1
2026-09-08,check,CN,R2022b,17,3
2026-09-08,check,CN,R2024a,6,1
2026-09-08,check,CN,R2024b,12,1
2026-09-08,check,CN,R2025b,102,3
2026-09-08,check,JP,*,1,1
2026-09-08,check,JP,R2022b,1,1
2026-09-08,check,KR,*,20,4
2026-09-08,check,KR,R2024a,12,1
2026-09-08,check,KR,R2025a,2,1
2026-09-08,check,KR,R2025b,6,2
2026-09-08,check,LB,*,2,2
2026-09-08,check,LB,R2023b,2,2
2026-09-08,check,MX,*,4,2
2026-09-08,check,MX,R2024a,2,1
2026-09-08,check,MX,R2025b,2,1
2026-09-08,check,PK,*,4,1
2026-09-08,check,PK,R2023b,4,1
2026-09-08,check,PL,*,4,1
2026-09-08,check,PL,R2026a,4,1
2026-09-08,check,SE,*,6,2
2026-09-08,check,SE,R2026a,6,2
2026-09-08,check,UA,*,2,1
2026-09-08,check,UA,R2022b,2,1
2026-09-08,check,US,*,11,3
2026-09-08,check,US,R2022b,1,1
2026-09-08,check,US,R2023a,5,1
2026-09-08,check,US,R2025a,5,1
2026-09-08,check,YE,*,1,1
2026-09-08,check,YE,R2022a,1,1
2026-09-09,check,*,*,120,30
2026-09-09,check,*,R2014a,1,1
2026-09-09,check,*,R2014b,1,1
2026-09-09,check,*,R2016a,1,1
2026-09-09,check,*,R2017b,53,11
2026-09-09,check,*,R2019a,1,1
2026-09-09,check,*,R2021b,6,1
2026-09-09,check,*,R2022b,10,3
2026-09-09,check,*,R2023a,9,2
2026-09-09,check,*,R2024a,7,2
2026-09-09,check,*,R2025a,2,1
2026-09-09,check,*,R2025b,15,2
2026-09-09,check,*,R2026a,14,4
2026-09-09,check,CL,*,1,1
2026-09-09,check,CL,R2014b,1,1
2026-09-09,check,CN,*,86,20
2026-09-09,check,CN,R2014a,1,1
2026-09-09,check,CN,R2016a,1,1
2026-09-09,check,CN,R2017b,53,11
2026-09-09,check,CN,R2022b,8,2
2026-09-09,check,CN,R2023a,3,1
2026-09-09,check,CN,R2024a,3,1
2026-09-09,check,CN,R2025b,15,2
2026-09-09,check,CN,R2026a,2,1
2026-09-09,check,CO,*,1,1
2026-09-09,check,CO,R2019a,1,1
2026-09-09,check,KR,*,4,1
2026-09-09,check,KR,R2024a,4,1
2026-09-09,check,PL,*,6,1
2026-09-09,check,PL,R2026a,6,1
2026-09-09,check,TW,*,8,2
2026-09-09,check,TW,R2021b,6,1
2026-09-09,check,TW,R2022b,2,1
2026-09-09,check,US,*,14,4
2026-09-09,check,US,R2023a,6,1
2026-09-09,check,US,R2025a,2,1
2026-09-09,check,US,R2026a,6,2
2026-09-10,check,*,*,103,27
2026-09-10,check,*,R2014a,3,2
2026-09-10,check,*,R2017b,32,9
2026-09-10,check,*,R2018b,1,1
2026-09-10,check,*,R2019b,3,1
2026-09-10,check,*,R2021b,12,3
2026-09-10,check,*,R2022b,12,3
2026-09-10,check,*,R2023b,3,1
2026-09-10,check,*,R2024a,4,1
2026-09-10,check,*,R2025a,8,2
2026-09-10,check,*,R2025b,9,1
2026-09-10,check,*,R2026a,16,3
2026-09-10,check,BR,*,9,1
2026-09-10,check,BR,R2025b,9,1
2026-09-10,check,CN,*,68,18
2026-09-10,check,CN,R2014a,3,2
2026-09-10,check,CN,R2017b,32,9
2026-09-10,check,CN,R2018b,1,1
2026-09-10,check,CN,R2019b,3,1
2026-09-10,check,CN,R2021b,6,2
2026-09-10,check,CN,R2022b,11,2
2026-09-10,check,CN,R2026a,12,1
2026-09-10,check,DE,*,6,1
2026-09-10,check,DE,R2021b,6,1
2026-09-10,check,KR,*,4,1
2026-09-10,check,KR,R2024a,4,1
2026-09-10,check,MX,*,4,1
2026-09-10,check,MX,R2025a,4,1
2026-09-10,check,PL,*,2,1
2026-09-10,check,PL,R2026a,2,1
2026-09-10,check,TW,*,1,1
2026-09-10,check,TW,R2022b,1,1
2026-09-10,check,US,*,9,3
2026-09-10,check,US,R2023b,3,1
2026-09-10,check,US,R2025a,4,1
2026-09-10,check,US,R2026a,2,1
2026-09-11,check,*,*,127,25
2026-09-11,check,*,R2012b,2,1
2026-09-11,check,*,R2014a,2,1
2026-09-11,check,*,R2016a,2,2
2026-09-11,check,*,R2018b,1,1
2026-09-11,check,*,R2022b,19,2
2026-09-11,check,*,R2023b,8,2
2026-09-11,check,*,R2024a,28,2
2026-09-11,check,*,R2024b,24,4
2026-09-11,check,*,R2025a,8,2
2026-09-11,check,*,R2025b,2,1
2026-09-11,check,*,R2026a,30,6
2026-09-11,check,*,unknown,1,1
2026-09-11,check,CN,*,55,11
2026-09-11,check,CN,R2012b,2,1
2026-09-11,check,CN,R2016a,2,2
2026-09-11,check,CN,R2018b,1,1
2026-09-11,check,CN,R2022b,19,2
2026-09-11,check,CN,R2023b,4,1
2026-09-11,check,CN,R2024b,21,3
2026-09-11,check,CN,R2026a,6,1
2026-09-11,check,CO,*,2,1
2026-09-11,check,CO,R2025b,2,1
2026-09-11,check,KW,*,4,1
2026-09-11,check,KW,R2024a,4,1
2026-09-11,check,LB,*,4,1
2026-09-11,check,LB,R2023b,4,1
2026-09-11,check,MX,*,2,1
2026-09-11,check,MX,R2014a,2,1
2026-09-11,check,PE,*,4,1
2026-09-11,check,PE,R2026a,4,1
2026-09-11,check,PL,*,8,2
2026-09-11,check,PL,R2026a,8,2
2026-09-11,check,SE,*,10,1
2026-09-11,check,SE,R2026a,10,1
2026-09-11,check,US,*,8,4
2026-09-11,check,US,R2024b,3,1
2026-09-11,check,US,R2025a,2,1
2026-09-11,check,US,R2026a,2,1
2026-09-11,check,US,unknown,1,1
2026-09-11,check,VN,*,30,2
2026-09-11,check,VN,R2024a,24,1
2026-09-11,check,VN,R2025a,6,1
2026-09-12,check,*,*,78,17
2026-09-12,check,*,R2015b,2,1
2026-09-12,check,*,R2018b,3,1
2026-09-12,check,*,R2022b,24,2
2026-09-12,check,*,R2023b,5,2
2026-09-12,check,*,R2024a,5,2
2026-09-12,check,*,R2024b,9,3
2026-09-12,check,*,R2025a,2,1
2026-09-12,check,*,R2026a,28,7
2026-09-12,check,CN,*,16,5
2026-09-12,check,CN,R2018b,3,1
2026-09-12,check,CN,R2022b,4,1
2026-09-12,check,CN,R2024b,9,3
2026-09-12,check,CO,*,21,3
2026-09-12,check,CO,R2024a,5,2
2026-09-12,check,CO,R2026a,16,3
2026-09-12,check,IE,*,2,1
2026-09-12,check,IE,R2015b,2,1
2026-09-12,check,LB,*,5,2
2026-09-12,check,LB,R2023b,5,2
2026-09-12,check,PL,*,2,1
2026-09-12,check,PL,R2026a,2,1
2026-09-12,check,SE,*,6,1
2026-09-12,check,SE,R2026a,6,1
2026-09-12,check,TW,*,20,1
2026-09-12,check,TW,R2022b,20,1
2026-09-12,check,US,*,4,2
2026-09-12,check,US,R2026a,4,2
2026-09-12,check,VN,*,2,1
2026-09-12,check,VN,R2025a,2,1
2026-09-13,check,*,*,31,13
2026-09-13,check,*,R2022a,2,1
2026-09-13,check,*,R2022b,5,2
2026-09-13,check,*,R2024a,2,1
2026-09-13,check,*,R2024b,7,3
2026-09-13,check,*,R2025b,8,3
2026-09-13,check,*,R2026a,6,2
2026-09-13,check,*,unknown,1,1
2026-09-13,check,CN,*,9,3
2026-09-13,check,CN,R2022b,4,1
2026-09-13,check,CN,R2024b,5,2
2026-09-13,check,CO,*,4,1
2026-09-13,check,CO,R2025b,4,1
2026-09-13,check,MX,*,6,3
2026-09-13,check,MX,R2024a,2,1
2026-09-13,check,MX,R2025b,4,2
2026-09-13,check,PL,*,4,1
2026-09-13,check,PL,R2026a,4,1
2026-09-13,check,TW,*,3,2
2026-09-13,check,TW,R2022b,1,1
2026-09-13,check,TW,R2024b,2,1
2026-09-13,check,US,*,5,3
2026-09-13,check,US,R2022a,2,1
2026-09-13,check,US,R2026a,2,1
2026-09-13,check,US,unknown,1,1
2026-09-14,check,*,*,196,41
2026-09-14,check,*,R2015b,11,2
2026-09-14,check,*,R2017b,2,1
2026-09-14,check,*,R2019b,6,1
2026-09-14,check,*,R2022b,86,6
2026-09-14,check,*,R2023b,7,3
2026-09-14,check,*,R2024a,7,1
2026-09-14,check,*,R2025a,4,2
2026-09-14,check,*,R2025b,12,4
2026-09-14,check,*,R2026a,61,21
2026-09-14,check,CN,*,28,7
2026-09-14,check,CN,R2017b,2,1
2026-09-14,check,CN,R2019b,6,1
2026-09-14,check,CN,R2022b,15,2
2026-09-14,check,CN,R2025a,2,1
2026-09-14,check,CN,R2025b,2,1
2026-09-14,check,CN,R2026a,1,1
2026-09-14,check,ES,*,2,1
2026-09-14,check,ES,R2025a,2,1
2026-09-14,check,HK,*,2,1
2026-09-14,check,HK,R2023b,2,1
2026-09-14,check,IE,*,11,2
2026-09-14,check,IE,R2015b,11,2
2026-09-14,check,KR,*,7,1
2026-09-14,check,KR,R2024a,7,1
2026-09-14,check,LB,*,3,1
2026-09-14,check,LB,R2023b,3,1
2026-09-14,check,MX,*,6,3
2026-09-14,check,MX,R2025b,2,1
2026-09-14,check,MX,R2026a,4,2
2026-09-14,check,NO,*,2,1
2026-09-14,check,NO,R2026a,2,1
2026-09-14,check,SE,*,2,1
2026-09-14,check,SE,R2026a,2,1
2026-09-14,check,TW,*,119,18
2026-09-14,check,TW,R2022b,69,3
2026-09-14,check,TW,R2026a,50,15
2026-09-14,check,US,*,14,5
2026-09-14,check,US,R2022b,2,1
2026-09-14,check,US,R2023b,2,1
2026-09-14,check,US,R2025b,8,2
2026-09-14,check,US,R2026a,2,1
2026-09-15,check,*,*,118,21
2026-09-15,check,*,R2016a,9,2
2026-09-15,check,*,R2018b,2,2
2026-09-15,check,*,R2020a,2,1
2026-09-15,check,*,R2022b,43,5
2026-09-15,check,*,R2024b,17,2
2026-09-15,check,*,R2025a,2,1
2026-09-15,check,*,R2025b,21,6
2026-09-15,check,*,R2026a,22,3
2026-09-15,check,BR,*,2,1
2026-09-15,check,BR,R2025b,2,1
2026-09-15,check,CN,*,66,11
2026-09-15,check,CN,R2016a,9,2
2026-09-15,check,CN,R2018b,2,2
2026-09-15,check,CN,R2020a,2,1
2026-09-15,check,CN,R2022b,11,2
2026-09-15,check,CN,R2024b,15,1
2026-09-15,check,CN,R2025b,9,3
2026-09-15,check,CN,R2026a,18,1
2026-09-15,check,FI,*,8,1
2026-09-15,check,FI,R2025b,8,1
2026-09-15,check,MX,*,4,2
2026-09-15,check,MX,R2024b,2,1
2026-09-15,check,MX,R2025a,2,1
2026-09-15,check,NO,*,2,1
2026-09-15,check,NO,R2026a,2,1
2026-09-15,check,PK,*,2,1
2026-09-15,check,PK,R2022b,2,1
2026-09-15,check,TW,*,30,2
2026-09-15,check,TW,R2022b,30,2
2026-09-15,check,US,*,4,2
2026-09-15,check,US,R2025b,2,1
2026-09-15,check,US,R2026a,2,1
2026-09-16,check,*,*,131,33
2026-09-16,check,*,R2017b,1,1
2026-09-16,check,*,R2019b,1,1
2026-09-16,check,*,R2020a,1,1
2026-09-16,check,*,R2021b,9,3
2026-09-16,check,*,R2022b,16,4
2026-09-16,check,*,R2023b,30,3
2026-09-16,check,*,R2024b,19,4
2026-09-16,check,*,R2025a,20,6
2026-09-16,check,*,R2025b,8,2
2026-09-16,check,*,R2026a,26,8
2026-09-16,check,BR,*,5,1
2026-09-16,check,BR,R2025b,5,1
2026-09-16,check,CN,*,48,12
2026-09-16,check,CN,R2017b,1,1
2026-09-16,check,CN,R2019b,1,1
2026-09-16,check,CN,R2020a,1,1
2026-09-16,check,CN,R2021b,2,2
2026-09-16,check,CN,R2022b,8,2
2026-09-16,check,CN,R2023b,14,1
2026-09-16,check,CN,R2024b,18,3
2026-09-16,check,CN,R2025b,3,1
2026-09-16,check,CO,*,43,12
2026-09-16,check,CO,R2021b,7,1
2026-09-16,check,CO,R2025a,16,5
2026-09-16,check,CO,R2026a,20,6
2026-09-16,check,GB,*,2,1
2026-09-16,check,GB,R2023b,2,1
2026-09-16,check,HK,*,15,2
2026-09-16,check,HK,R2023b,14,1
2026-09-16,check,HK,R2024b,1,1
2026-09-16,check,MX,*,4,1
2026-09-16,check,MX,R2025a,4,1
2026-09-16,check,PK,*,2,1
2026-09-16,check,PK,R2022b,2,1
2026-09-16,check,TW,*,6,1
2026-09-16,check,TW,R2022b,6,1
2026-09-16,check,US,*,6,2
2026-09-16,check,US,R2026a,6,2
2026-09-17,check,*,*,292,42
2026-09-17,check,*,R2014b,1,1
2026-09-17,check,*,R2015b,2,1
2026-09-17,check,*,R2016a,1,1
2026-09-17,check,*,R2020a,2,1
2026-09-17,check,*,R2021a,2,1
2026-09-17,check,*,R2021b,4,1
2026-09-17,check,*,R2022b,59,4
2026-09-17,check,*,R2023a,12,2
2026-09-17,check,*,R2023b,6,2
2026-09-17,check,*,R2024b,100,6
2026-09-17,check,*,R2025a,2,1
2026-09-17,check,*,R2025b,41,5
2026-09-17,check,*,R2026a,60,16
2026-09-17,check,CA,*,4,1
2026-09-17,check,CA,R2023b,4,1
2026-09-17,check,CL,*,1,1
2026-09-17,check,CL,R2014b,1,1
2026-09-17,check,CN,*,59,9
2026-09-17,check,CN,R2016a,1,1
2026-09-17,check,CN,R2021b,4,1
2026-09-17,check,CN,R2022b,8,2
2026-09-17,check,CN,R2023a,12,2
2026-09-17,check,CN,R2024b,9,2
2026-09-17,check,CN,R2025b,25,1
2026-09-17,check,CO,*,28,11
2026-09-17,check,CO,R2023b,2,1
2026-09-17,check,CO,R2025a,2,1
2026-09-17,check,CO,R2025b,6,2
2026-09-17,check,CO,R2026a,18,7
2026-09-17,check,IE,*,2,1
2026-09-17,check,IE,R2015b,2,1
2026-09-17,check,MX,*,111,10
2026-09-17,check,MX,R2020a,2,1
2026-09-17,check,MX,R2021a,2,1
2026-09-17,check,MX,R2024b,91,4
2026-09-17,check,MX,R2025b,10,2
2026-09-17,check,MX,R2026a,6,2
2026-09-17,check,PL,*,2,1
2026-09-17,check,PL,R2026a,2,1
2026-09-17,check,SE,*,6,2
2026-09-17,check,SE,R2026a,6,2
2026-09-17,check,TW,*,51,2
2026-09-17,check,TW,R2022b,51,2
2026-09-17,check,US,*,28,4
2026-09-17,check,US,R2026a,28,4
2026-09-18,check,*,*,255,37
2026-09-18,check,*,R2016a,1,1
2026-09-18,check,*,R2020a,6,1
2026-09-18,check,*,R2021a,8,2
2026-09-18,check,*,R2021b,2,2
2026-09-18,check,*,R2022b,25,1
2026-09-18,check,*,R2023a,36,3
2026-09-18,check,*,R2023b,2,1
2026-09-18,check,*,R2024a,12,4
2026-09-18,check,*,R2024b,56,3
2026-09-18,check,*,R2025a,31,3
2026-09-18,check,*,R2025b,39,7
2026-09-18,check,*,R2026a,36,10
2026-09-18,check,*,unknown,1,1
2026-09-18,check,CN,*,42,6
2026-09-18,check,CN,R2016a,1,1
2026-09-18,check,CN,R2021a,2,1
2026-09-18,check,CN,R2021b,2,2
2026-09-18,check,CN,R2023a,24,1
2026-09-18,check,CN,R2025b,13,1
2026-09-18,check,CO,*,10,2
2026-09-18,check,CO,R2024a,8,2
2026-09-18,check,CO,R2026a,2,1
2026-09-18,check,FI,*,2,1
2026-09-18,check,FI,R2025b,2,1
2026-09-18,check,HK,*,2,1
2026-09-18,check,HK,R2023b,2,1
2026-09-18,check,JP,*,10,1
2026-09-18,check,JP,R2023a,10,1
2026-09-18,check,MX,*,100,11
2026-09-18,check,MX,R2020a,6,1
2026-09-18,check,MX,R2021a,6,1
2026-09-18,check,MX,R2024a,2,1
2026-09-18,check,MX,R2024b,54,2
2026-09-18,check,MX,R2025a,2,1
2026-09-18,check,MX,R2025b,18,4
2026-09-18,check,MX,R2026a,12,2
2026-09-18,check,NO,*,2,1
2026-09-18,check,NO,R2026a,2,1
2026-09-18,check,PL,*,2,1
2026-09-18,check,PL,R2026a,2,1
2026-09-18,check,TW,*,31,2
2026-09-18,check,TW,R2022b,25,1
2026-09-18,check,TW,R2025b,6,1
2026-09-18,check,US,*,46,7
2026-09-18,check,US,R2024b,2,1
2026-09-18,check,US,R2025a,27,1
2026-09-18,check,US,R2026a,16,4
2026-09-18,check,US,unknown,1,1
2026-09-18,check,VN,*,8,4
2026-09-18,check,VN,R2023a,2,1
2026-09-18,check,VN,R2024a,2,1
2026-09-18,check,VN,R2025a,2,1
2026-09-18,check,VN,R2026a,2,1
2026-09-19,check,*,*,125,18
2026-09-19,check,*,R2022b,32,2
2026-09-19,check,*,R2023a,50,2
2026-09-19,check,*,R2024a,13,4
2026-09-19,check,*,R2024b,6,3
2026-09-19,check,*,R2025b,11,4
2026-09-19,check,*,R2026a,12,3
2026-09-19,check,*,unknown,1,1
2026-09-19,check,CN,*,82,10
2026-09-19,check,CN,R2022b,2,1
2026-09-19,check,CN,R2023a,50,2
2026-09-19,check,CN,R2024a,11,3
2026-09-19,check,CN,R2024b,4,2
2026-09-19,check,CN,R2025b,5,1
2026-09-19,check,CN,R2026a,10,2
2026-09-19,check,CO,*,2,1
2026-09-19,check,CO,R2024a,2,1
2026-09-19,check,DE,*,2,1
2026-09-19,check,DE,R2025b,2,1
2026-09-19,check,MX,*,2,1
2026-09-19,check,MX,R2025b,2,1
2026-09-19,check,RU,*,1,1
2026-09-19,check,RU,unknown,1,1
2026-09-19,check,TW,*,34,3
2026-09-19,check,TW,R2022b,30,1
2026-09-19,check,TW,R2024b,2,1
2026-09-19,check,TW,R2025b,2,1
2026-09-19,check,US,*,2,1
2026-09-19,check,US,R2026a,2,1
2026-09-20,check,*,*,63,7
2026-09-20,check,*,R2014b,1,1
2026-09-20,check,*,R2022b,27,2
2026-09-20,check,*,R2023a,9,1
2026-09-20,check,*,R2023b,16,1
2026-09-20,check,*,R2025a,6,1
2026-09-20,check,*,R2026a,4,1
2026-09-20,check,CL,*,1,1
2026-09-20,check,CL,R2014b,1,1
2026-09-20,check,CN,*,31,3
2026-09-20,check,CN,R2023a,9,1
2026-09-20,check,CN,R2023b,16,1
2026-09-20,check,CN,R2025a,6,1
2026-09-20,check,CO,*,4,1
2026-09-20,check,CO,R2026a,4,1
2026-09-20,check,TW,*,21,1
2026-09-20,check,TW,R2022b,21,1
2026-09-20,check,US,*,6,1
2026-09-20,check,US,R2022b,6,1
2026-09-21,check,*,*,290,42
2026-09-21,check,*,R2014a,11,1
2026-09-21,check,*,R2015b,9,3
2026-09-21,check,*,R2017b,1,1
2026-09-21,check,*,R2018b,25,1
2026-09-21,check,*,R2021b,4,1
2026-09-21,check,*,R2022b,33,4
2026-09-21,check,*,R2023a,73,8
2026-09-21,check,*,R2023b,4,1
2026-09-21,check,*,R2024a,7,3
2026-09-21,check,*,R2025a,2,1
2026-09-21,check,*,R2025b,74,7
2026-09-21,check,*,R2026a,47,16
2026-09-21,check,AR,*,2,1
2026-09-21,check,AR,R2023a,2,1
2026-09-21,check,CN,*,101,9
2026-09-21,check,CN,R2017b,1,1
2026-09-21,check,CN,R2018b,25,1
2026-09-21,check,CN,R2021b,4,1
2026-09-21,check,CN,R2023a,67,5
2026-09-21,check,CN,R2025b,4,1
2026-09-21,check,CO,*,62,7
2026-09-21,check,CO,R2023a,2,1
2026-09-21,check,CO,R2024a,2,1
2026-09-21,check,CO,R2025a,2,1
2026-09-21,check,CO,R2025b,37,2
2026-09-21,check,CO,R2026a,19,5
2026-09-21,check,HK,*,26,1
2026-09-21,check,HK,R2025b,26,1
2026-09-21,check,IE,*,9,3
2026-09-21,check,IE,R2015b,9,3
2026-09-21,check,KR,*,2,1
2026-09-21,check,KR,R2025b,2,1
2026-09-21,check,LB,*,12,2
2026-09-21,check,LB,R2023b,4,1
2026-09-21,check,LB,R2024a,5,2
2026-09-21,check,LB,R2025b,3,1
2026-09-21,check,SE,*,2,1
2026-09-21,check,SE,R2026a,2,1
2026-09-21,check,TN,*,11,1
2026-09-21,check,TN,R2014a,11,1
2026-09-21,check,TW,*,44,9
2026-09-21,check,TW,R2022b,24,1
2026-09-21,check,TW,R2026a,20,8
2026-09-21,check,UA,*,6,1
2026-09-21,check,UA,R2022b,6,1
2026-09-21,check,US,*,13,6
2026-09-21,check,US,R2022b,3,2
2026-09-21,check,US,R2023a,2,1
2026-09-21,check,US,R2025b,2,1
2026-09-21,check,US,R2026a,6,2
2026-09-22,check,*,*,104,25
2026-09-22,check,*,R2016a,2,2
2026-09-22,check,*,R2017b,2,1
2026-09-22,check,*,R2020a,1,1
2026-09-22,check,*,R2022b,10,1
2026-09-22,check,*,R2023a,6,1
2026-09-22,check,*,R2023b,2,1
2026-09-22,check,*,R2024a,3,2
2026-09-22,check,*,R2025a,2,1
2026-09-22,check,*,R2025b,64,9
2026-09-22,check,*,R2026a,10,5
2026-09-22,check,*,unknown,2,1
2026-09-22,check,BR,*,2,1
2026-09-22,check,BR,R2025b,2,1
2026-09-22,check,CN,*,24,9
2026-09-22,check,CN,R2016a,2,2
2026-09-22,check,CN,R2017b,2,1
2026-09-22,check,CN,R2020a,1,1
2026-09-22,check,CN,R2023a,6,1
2026-09-22,check,CN,R2025b,13,4
2026-09-22,check,CO,*,11,6
2026-09-22,check,CO,R2024a,1,1
2026-09-22,check,CO,R2025a,2,1
2026-09-22,check,CO,R2025b,4,2
2026-09-22,check,CO,R2026a,4,2
2026-09-22,check,FI,*,4,1
2026-09-22,check,FI,R2025b,4,1
2026-09-22,check,JP,*,2,1
2026-09-22,check,JP,unknown,2,1
2026-09-22,check,KR,*,43,2
2026-09-22,check,KR,R2024a,2,1
2026-09-22,check,KR,R2025b,41,1
2026-09-22,check,LB,*,2,1
2026-09-22,check,LB,R2023b,2,1
2026-09-22,check,PL,*,2,1
2026-09-22,check,PL,R2026a,2,1
2026-09-22,check,TW,*,10,1
2026-09-22,check,TW,R2022b,10,1
2026-09-22,check,US,*,4,2
2026-09-22,check,US,R2026a,4,2
2026-09-23,check,*,*,120,16
2026-09-23,check,*,R2016a,17,2
2026-09-23,check,*,R2016b,3,1
2026-09-23,check,*,R2022b,2,1
2026-09-23,check,*,R2023b,8,1
2026-09-23,check,*,R2024a,5,1
2026-09-23,check,*,R2024b,2,1
2026-09-23,check,*,R2025a,6,3
2026-09-23,check,*,R2025b,63,3
2026-09-23,check,*,R2026a,14,6
2026-09-23,check,CN,*,32,7
2026-09-23,check,CN,R2016a,17,2
2026-09-23,check,CN,R2016b,3,1
2026-09-23,check,CN,R2022b,2,1
2026-09-23,check,CN,R2025a,2,1
2026-09-23,check,CN,R2025b,6,1
2026-09-23,check,CN,R2026a,2,1
2026-09-23,check,CO,*,59,3
2026-09-23,check,CO,R2025a,4,2
2026-09-23,check,CO,R2025b,55,1
2026-09-23,check,LB,*,17,1
2026-09-23,check,LB,R2023b,8,1
2026-09-23,check,LB,R2024a,5,1
2026-09-23,check,LB,R2024b,2,1
2026-09-23,check,LB,R2025b,2,1
2026-09-23,check,US,*,12,5
2026-09-23,check,US,R2026a,12,5
2026-09-24,check,*,*,89,15
2026-09-24,check,*,R2014a,44,2
2026-09-24,check,*,R2015b,17,3
2026-09-24,check,*,R2017b,1,1
2026-09-24,check,*,R2023a,9,2
2026-09-24,check,*,R2024a,2,1
2026-09-24,check,*,R2025a,4,1
2026-09-24,check,*,R2025b,2,1
2026-09-24,check,*,R2026a,10,4
2026-09-24,check,CN,*,10,3
2026-09-24,check,CN,R2017b,1,1
2026-09-24,check,CN,R2023a,9,2
2026-09-24,check,CO,*,10,4
2026-09-24,check,CO,R2026a,10,4
2026-09-24,check,IE,*,17,3
2026-09-24,check,IE,R2015b,17,3
2026-09-24,check,MA,*,2,1
2026-09-24,check,MA,R2024a,2,1
2026-09-24,check,TN,*,44,2
2026-09-24,check,TN,R2014a,44,2
2026-09-24,check,US,*,6,2
2026-09-24,check,US,R2025a,4,1
2026-09-24,check,US,R2025b,2,1
2026-09-25,check,*,*,77,11
2026-09-25,check,*,R2016b,1,1
2026-09-25,check,*,R2017b,2,1
2026-09-25,check,*,R2022b,22,2
2026-09-25,check,*,R2023a,20,1
2026-09-25,check,*,R2024a,2,1
2026-09-25,check,*,R2025a,4,2
2026-09-25,check,*,R2026a,26,3
2026-09-25,check,CN,*,5,3
2026-09-25,check,CN,R2016b,1,1
2026-09-25,check,CN,R2017b,2,1
2026-09-25,check,CN,R2022b,2,1
2026-09-25,check,CO,*,6,3
2026-09-25,check,CO,R2024a,2,1
2026-09-25,check,CO,R2025a,4,2
2026-09-25,check,SE,*,4,1
2026-09-25,check,SE,R2026a,4,1
2026-09-25,check,TW,*,20,1
2026-09-25,check,TW,R2022b,20,1
2026-09-25,check,US,*,42,3
2026-09-25,check,US,R2023a,20,1
2026-09-25,check,US,R2026a,22,2
2026-09-26,check,*,*,137,16
2026-09-26,check,*,R2013a,4,1
2026-09-26,check,*,R2014a,14,1
2026-09-26,check,*,R2016a,69,2
2026-09-26,check,*,R2022b,6,1
2026-09-26,check,*,R2023a,12,1
2026-09-26,check,*,R2024a,17,5
2026-09-26,check,*,R2024b,7,1
2026-09-26,check,*,R2025a,2,1
2026-09-26,check,*,R2025b,3,1
2026-09-26,check,*,R2026a,2,1
2026-09-26,check,*,unknown,1,1
2026-09-26,check,CL,*,4,1
2026-09-26,check,CL,R2013a,4,1
2026-09-26,check,CN,*,83,6
2026-09-26,check,CN,R2016a,69,2
2026-09-26,check,CN,R2024a,2,1
2026-09-26,check,CN,R2024b,7,1
2026-09-26,check,CN,R2025a,2,1
2026-09-26,check,CN,R2025b,3,1
2026-09-26,check,OM,*,7,1
2026-09-26,check,OM,R2024a,7,1
2026-09-26,check,TN,*,14,1
2026-09-26,check,TN,R2014a,14,1
2026-09-26,check,TW,*,6,1
2026-09-26,check,TW,R2022b,6,1
2026-09-26,check,US,*,18,4
2026-09-26,check,US,R2023a,12,1
2026-09-26,check,US,R2024a,3,1
2026-09-26,check,US,R2026a,2,1
2026-09-26,check,US,unknown,1,1
2026-09-26,check,VN,*,5,2
2026-09-26,check,VN,R2024a,5,2
2026-09-27,check,*,*,83,20
2026-09-27,check,*,R2019a,2,1
2026-09-27,check,*,R2022b,8,3
2026-09-27,check,*,R2023a,29,2
2026-09-27,check,*,R2023b,5,2
2026-09-27,check,*,R2024a,2,1
2026-09-27,check,*,R2024b,2,1
2026-09-27,check,*,R2025a,4,2
2026-09-27,check,*,R2025b,16,2
2026-09-27,check,*,R2026a,15,6
2026-09-27,check,CN,*,6,3
2026-09-27,check,CN,R2019a,2,1
2026-09-27,check,CN,R2023a,2,1
2026-09-27,check,CN,R2025a,2,1
2026-09-27,check,CO,*,18,3
2026-09-27,check,CO,R2025a,2,1
2026-09-27,check,CO,R2025b,14,1
2026-09-27,check,CO,R2026a,2,1
2026-09-27,check,LB,*,5,2
2026-09-27,check,LB,R2023b,5,2
2026-09-27,check,MX,*,4,2
2026-09-27,check,MX,R2024b,2,1
2026-09-27,check,MX,R2026a,2,1
2026-09-27,check,OM,*,2,1
2026-09-27,check,OM,R2024a,2,1
2026-09-27,check,PK,*,2,2
2026-09-27,check,PK,R2022b,2,2
2026-09-27,check,TW,*,6,1
2026-09-27,check,TW,R2022b,6,1
2026-09-27,check,US,*,40,6
2026-09-27,check,US,R2023a,27,1
2026-09-27,check,US,R2025b,2,1
2026-09-27,check,US,R2026a,11,4
2026-09-28,check,*,*,225,28
2026-09-28,check,*,R2014a,41,1
2026-09-28,check,*,R2014b,1,1
2026-09-28,check,*,R2015b,10,2
2026-09-28,check,*,R2019b,2,2
2026-09-28,check,*,R2021b,1,1
2026-09-28,check,*,R2023b,36,2
2026-09-28,check,*,R2024a,36,11
2026-09-28,check,*,R2024b,29,2
2026-09-28,check,*,R2025a,4,2
2026-09-28,check,*,R2025b,59,2
2026-09-28,check,*,R2026a,5,2
2026-09-28,check,*,unknown,1,1
2026-09-28,check,CL,*,1,1
2026-09-28,check,CL,R2014b,1,1
2026-09-28,check,CN,*,61,16
2026-09-28,check,CN,R2019b,2,2
2026-09-28,check,CN,R2021b,1,1
2026-09-28,check,CN,R2024a,34,10
2026-09-28,check,CN,R2024b,17,1
2026-09-28,check,CN,R2025a,2,1
2026-09-28,check,CN,R2025b,5,1
2026-09-28,check,CO,*,61,4
2026-09-28,check,CO,R2025a,2,1
2026-09-28,check,CO,R2025b,54,1
2026-09-28,check,CO,R2026a,5,2
2026-09-28,check,HK,*,30,1
2026-09-28,check,HK,R2023b,30,1
2026-09-28,check,IE,*,10,2
2026-09-28,check,IE,R2015b,10,2
2026-09-28,check,JP,*,12,1
2026-09-28,check,JP,R2024b,12,1
2026-09-28,check,LB,*,8,1
2026-09-28,check,LB,R2023b,6,1
2026-09-28,check,LB,R2024a,2,1
2026-09-28,check,TN,*,41,1
2026-09-28,check,TN,R2014a,41,1
2026-09-28,check,US,*,1,1
2026-09-28,check,US,unknown,1,1
2026-09-29,check,*,*,97,18
2026-09-29,check,*,R2016a,1,1
2026-09-29,check,*,R2019a,2,1
2026-09-29,check,*,R2022b,22,3
2026-09-29,check,*,R2023b,4,2
2026-09-29,check,*,R2024a,25,2
2026-09-29,check,*,R2025a,8,4
2026-09-29,check,*,R2025b,18,2
2026-09-29,check,*,R2026a,17,3
2026-09-29,check,CN,*,30,5
2026-09-29,check,CN,R2019a,2,1
2026-09-29,check,CN,R2022b,11,1
2026-09-29,check,CN,R2025a,4,2
2026-09-29,check,CN,R2026a,13,1
2026-09-29,check,CO,*,18,2
2026-09-29,check,CO,R2025b,16,1
2026-09-29,check,CO,R2026a,2,1
2026-09-29,check,HK,*,2,1
2026-09-29,check,HK,R2023b,2,1
2026-09-29,check,JP,*,6,1
2026-09-29,check,JP,R2022b,6,1
2026-09-29,check,KR,*,23,1
2026-09-29,check,KR,R2024a,23,1
2026-09-29,check,MX,*,2,1
2026-09-29,check,MX,R2026a,2,1
2026-09-29,check,SE,*,2,1
2026-09-29,check,SE,R2025b,2,1
2026-09-29,check,TW,*,5,1
2026-09-29,check,TW,R2022b,5,1
2026-09-29,check,US,*,9,5
2026-09-29,check,US,R2016a,1,1
2026-09-29,check,US,R2023b,2,1
2026-09-29,check,US,R2024a,2,1
2026-09-29,check,US,R2025a,4,2
2026-09-30,check,*,*,173,27
2026-09-30,check,*,R2015b,2,2
2026-09-30,check,*,R2016a,1,1
2026-09-30,check,*,R2020a,3,1
2026-09-30,check,*,R2021a,2,1
2026-09-30,check,*,R2022a,14,2
2026-09-30,check,*,R2022b,6,1
2026-09-30,check,*,R2023b,8,2
2026-09-30,check,*,R2024a,6,3
2026-09-30,check,*,R2024b,5,1
2026-09-30,check,*,R2025a,9,4
2026-09-30,check,*,R2025b,105,5
2026-09-30,check,*,R2026a,12,5
2026-09-30,check,BR,*,2,1
2026-09-30,check,BR,R2025b,2,1
2026-09-30,check,CN,*,108,7
2026-09-30,check,CN,R2016a,1,1
2026-09-30,check,CN,R2021a,2,1
2026-09-30,check,CN,R2022a,14,2
2026-09-30,check,CN,R2024b,5,1
2026-09-30,check,CN,R2025a,3,1
2026-09-30,check,CN,R2025b,83,1
2026-09-30,check,CO,*,20,3
2026-09-30,check,CO,R2025a,4,2
2026-09-30,check,CO,R2025b,16,1
2026-09-30,check,ES,*,2,1
2026-09-30,check,ES,R2025a,2,1
2026-09-30,check,IE,*,2,2
2026-09-30,check,IE,R2015b,2,2
2026-09-30,check,JP,*,6,1
2026-09-30,check,JP,R2022b,6,1
2026-09-30,check,KR,*,2,1
2026-09-30,check,KR,R2024a,2,1
2026-09-30,check,LB,*,10,2
2026-09-30,check,LB,R2020a,3,1
2026-09-30,check,LB,R2023b,6,1
2026-09-30,check,LB,R2024a,1,1
2026-09-30,check,MX,*,2,1
2026-09-30,check,MX,R2025b,2,1
2026-09-30,check,NO,*,2,1
2026-09-30,check,NO,R2026a,2,1
2026-09-30,check,US,*,14,6
2026-09-30,check,US,R2023b,2,1
2026-09-30,check,US,R2025b,2,1
2026-09-30,check,US,R2026a,10,4
2026-09-30,check,VN,*,3,1
2026-09-30,check,VN,R2024a,3,1
