date,visits,pages,hits,bytes
2017-01-01,529,1563,4647,76047644
2017-01-02,836,3560,7972,347642589
2017-01-03,1146,5445,11545,4479915402
2017-01-04,1063,4557,11198,8827055641
2017-01-05,1329,4702,12488,10546516731
2017-01-06,976,3471,9392,7076450324
2017-01-07,828,2492,6929,4055121593
2017-01-08,940,2834,7212,4942275473
2017-01-09,993,3424,16351,9181780406
2017-01-10,1182,4527,17207,7082817223
2017-01-11,808,3120,15835,4260165622
2017-01-12,932,3305,15515,6171502365
2017-01-13,725,2395,12524,3760092775
2017-01-14,654,2179,7049,6279949140
2017-01-15,736,4073,16997,6643020435
2017-01-16,850,3430,14241,2894329826
2017-01-17,1083,5323,20706,5409732050
2017-01-18,1292,6491,22212,9006544205
2017-01-19,1163,4645,14598,4430145797
2017-01-20,1155,3455,14259,5967944033
2017-01-21,884,2529,7969,3055215529
2017-01-22,842,2412,8137,7068141357
2017-01-23,893,2562,10076,3223818498
2017-01-24,930,3610,11926,5003145309
2017-01-25,980,3175,12931,4291000168
2017-01-26,1129,3677,12772,5734065468
2017-01-27,931,3357,12486,5474052536
2017-01-28,824,2601,7922,2509977811
2017-01-29,1067,2995,7374,3339826613
2017-01-30,1659,5052,11838,8490388004
2017-01-31,1190,4124,14617,6963802477
2022-01-01,284,795,10204,670759926
2022-01-02,392,973,13725,629779631
2022-01-03,511,1794,17864,984237546
2022-01-04,542,1543,18426,1044833278
2022-01-05,553,1291,18643,2526100180
2022-01-06,591,1361,20389,944498362
2022-01-07,522,1483,17228,863654273
2022-01-08,387,1126,12936,976896696
2022-01-09,460,1035,13602,889175910
2022-01-10,650,1792,22265,1415128198
2022-01-11,619,1694,22705,1449683510
2022-01-12,590,1748,21353,1294417016
2022-01-13,586,2283,20047,1195609366
2022-01-14,493,1479,19301,1231900410
2022-01-15,409,1277,13808,972401351
2022-01-16,437,1334,14207,715219140
2022-01-17,525,4812,22431,1338992725
2022-01-18,593,1359,19590,1028495713
2022-01-19,570,1479,19130,1430586352
2022-01-20,544,1552,19601,3116379927
2022-01-21,491,1454,16332,1407616422
2022-01-22,349,1107,10760,758002179
2022-01-23,354,865,11548,1530167309
2022-01-24,634,1470,19482,2832488547
2022-01-25,606,1394,20385,1139949597
2022-01-26,559,1309,18924,1273232507
2022-01-27,642,1528,19381,1205058058
2022-01-28,464,1153,14256,1992721698
2022-01-29,373,1101,9713,859920019
2022-01-30,402,1053,11041,843812932
2022-01-31,564,1511,19224,2387463662
2023-01-01,289,932,8733,1028531082
2023-01-02,431,1468,16355,2094528372
2023-01-03,524,1398,8473,2519933439
2023-01-04,557,1454,13910,1389845939
2023-01-05,497,1315,19480,1633864572
2023-01-06,485,1537,17803,1409632168
2023-01-07,357,885,12662,1138475577
2023-01-08,426,1246,15893,1800632997
2023-01-09,605,1537,21747,1918071091
2023-01-10,574,1370,20775,1378588911
2023-01-11,522,1280,20915,1542328075
2023-01-12,622,1659,24032,1418995016
2023-01-13,457,1345,18330,1119700548
2023-01-14,325,896,11502,1388157824
2023-01-15,321,761,11058,1773450985
2023-01-16,485,1325,17098,3709708613
2023-01-17,556,1342,19339,1324306024
2023-01-18,515,1194,18180,1811642588
2023-01-19,463,1141,16778,1803492879
2023-01-20,418,1036,14620,1939884006
2023-01-21,302,611,8582,433320319
2023-01-22,346,826,12461,819394989
2023-01-23,479,1257,17769,2452919223
2023-01-24,398,1022,15174,1574457608
2023-01-25,426,1233,18143,1057976057
2023-01-26,472,1129,15659,1180310035
2023-01-27,436,981,15030,979129275
2023-01-28,341,916,12887,1022573795
2023-01-29,364,979,13090,1927783596
2023-01-30,513,1370,18395,2028707722
2023-01-31,571,1434,22532,3088629575
2024-01-01,333,1134,9787,1886487034
2024-01-02,705,2110,24654,3514788955
2024-01-03,700,1883,22871,1853706083
2024-01-04,643,1850,21973,2479956654
2024-01-05,502,1220,17431,2416371893
2024-01-06,431,1565,14136,2145465483
2024-01-07,383,1025,11874,1494847924
2024-01-08,583,1624,20647,1821577595
2024-01-09,725,1644,24405,2599363111
2024-01-10,808,2116,26205,3046683109
2024-01-11,778,1658,23025,1621914212
2024-01-12,648,1620,18383,1808782826
2024-01-13,483,1222,13006,1140786672
2024-01-14,543,1647,21398,1865195092
2024-01-15,781,1723,23235,1819940603
2024-01-16,839,1991,23914,1747499992
2024-01-17,789,1775,22407,1909755726
2024-01-18,742,1684,20351,1677926598
2024-01-19,676,1515,22828,1201263078
2024-01-20,450,929,12384,887684705
2024-01-21,431,850,12985,1240550674
2024-01-22,666,1413,20706,1274761535
2024-01-23,711,1711,22870,3230661914
2024-01-24,770,1491,21938,1379076522
2024-01-25,654,1555,19546,1591048762
2024-01-26,557,1321,14805,1560236415
2024-01-27,431,809,10468,947665947
2024-01-28,487,1060,11929,1283434642
2024-01-29,750,1686,20186,3457411965
2024-01-30,675,1425,18165,1690264116
2024-01-31,598,1333,17785,2320979781
2025-01-01,553,1235,5567,609560168
2025-01-02,756,1637,9006,665849309
2025-01-03,780,1792,8375,3202137432
2025-01-04,614,1375,7283,1115860744
2025-01-05,780,1517,7128,796548290
2025-01-06,731,1741,8545,1010820148
2025-01-07,822,1881,9595,864274588
2025-01-08,808,2033,10618,916625970
2025-01-09,849,1870,10383,1987446336
2025-01-10,795,1852,10298,1553434592
2025-01-11,511,980,5583,823148529
2025-01-12,521,1031,6427,1810115423
2025-01-13,776,1475,9745,1198891225
2025-01-14,767,1643,9504,1009832153
2025-01-15,838,1818,10316,2477040922
2025-01-16,773,1676,9021,2344808701
2025-01-17,747,1486,7625,977598516
2025-01-18,572,1022,5082,397223546
2025-01-19,715,1177,5353,918474033
2025-01-20,765,1412,6691,626662349
2025-01-21,771,1549,7652,1157011540
2025-01-22,740,1514,7477,713848725
2025-01-23,659,1467,7237,2468794929
2025-01-24,623,1123,5826,818022205
2025-01-25,405,834,4642,855960767
2025-01-26,551,1115,5823,1120712819
2025-01-27,756,1341,7853,2806634850
2025-01-28,881,156833,163043,1241819247
2025-01-29,602,1101,6503,902185010
2025-01-30,687,1282,8617,982705174
2025-01-31,563,955,7039,878106631
2026-01-01,398,773,4624,366391603
2026-01-02,559,961,6149,824069957
2026-01-03,489,851,5839,712358916
2026-01-04,630,1414,8591,735807537
2026-01-05,854,1456,11683,968365917
2026-01-06,781,1356,9424,741339286
2026-01-07,773,1425,9878,740775417
2026-01-08,812,1411,10466,922868396
2026-01-09,867,1546,9755,2003430778
2026-01-10,563,1016,6563,1034545568
2026-01-11,685,1083,7392,639577103
2026-01-12,894,1524,11329,787630916
2026-01-13,878,1895,10677,994180847
2026-01-14,797,1519,9642,706214008
2026-01-15,977,1993,11000,1030587152
2026-01-16,866,1428,10220,794639368
2026-01-17,609,935,6919,542368844
2026-01-18,610,915,6238,521635113
2026-01-19,744,1156,8079,870088967
2026-01-20,920,1597,11293,1482648328
2026-01-21,805,1444,9427,1140569601
2026-01-22,983,1652,9821,1091389825
2026-01-23,874,1377,8898,1265948731
2026-01-24,549,752,4781,306370432
2026-01-25,590,837,5615,576104996
2026-01-26,890,1475,7509,1530728657
2026-01-27,935,1498,9767,1518860774
2026-01-28,1013,1654,11211,2929741752
2026-01-29,1127,1838,12025,2259184864
2026-01-30,855,1226,9144,628162877
2026-01-31,694,940,6021,457284133
2017-02-01,881,3209,12460,7298576708
2017-02-02,1084,3670,13099,5166099851
2017-02-03,1007,3330,13276,5391002462
2017-02-04,744,2181,8879,4125785849
2017-02-05,517,1472,5749,3200163718
2017-02-06,1079,3441,12667,6090722251
2017-02-07,1270,4451,17485,7443591880
2017-02-08,970,3219,13899,4835714707
2017-02-09,1255,4242,14923,6000978720
2017-02-10,914,3247,14200,6568699008
2017-02-11,766,2294,9528,4149306241
2017-02-12,802,2618,9524,4381734100
2017-02-13,1143,3974,15770,5750465132
2017-02-14,1159,3954,16530,7406172428
2017-02-15,1351,5364,19190,9293617910
2017-02-16,1041,3939,17643,6822712816
2017-02-17,1255,5133,19592,6636588582
2017-02-18,801,2730,9634,9317913713
2017-02-19,760,2650,7218,10875899034
2017-02-20,1237,4955,16356,10474166740
2017-02-21,1482,5628,19491,9806580076
2017-02-22,1178,4199,14136,7245274007
2017-02-23,1146,4028,15042,7678857443
2017-02-24,1295,4863,17468,7583112726
2017-02-25,739,2822,8688,3985076570
2017-02-26,703,2233,6150,2801509881
2017-02-27,959,3683,13412,7178584295
2017-02-28,1047,4105,13940,6199547139
2018-02-05,0,0,86,585983
2021-02-01,739,2183,18484,1842739937
2021-02-02,728,2082,11974,2349238020
2021-02-03,825,2151,4792,2214634143
2021-02-04,718,1676,3798,2360619822
2021-02-05,705,2074,4120,3008638967
2021-02-06,457,1250,3277,1246687743
2021-02-07,472,1844,3722,791621191
2021-02-08,583,1682,3961,2151674767
2021-02-09,668,2077,4954,1202803876
2021-02-10,604,1672,3730,1554801438
2021-02-11,596,1663,3494,901867874
2021-02-12,544,1142,6986,700354018
2021-02-13,397,794,4475,383860038
2021-02-14,433,920,5334,981451529
2021-02-15,654,1192,8794,1653743595
2021-02-16,677,1687,8970,1653101386
2021-02-17,634,1251,8681,1264620949
2021-02-18,574,1257,7495,2004326397
2021-02-19,602,2029,9288,1691949367
2021-02-20,422,3918,8325,1309184462
2021-02-21,449,1262,6084,695332628
2021-02-22,678,1260,8919,1311910329
2021-02-23,723,1536,9736,2386710207
2021-02-24,667,1344,9338,1056146705
2021-02-25,655,1482,8816,1069989567
2021-02-26,590,1164,7573,968368209
2021-02-27,543,1124,7194,1058968148
2021-02-28,521,1154,6751,1568870138
2022-02-01,549,1503,17255,1981770176
2022-02-02,629,1516,19062,2082659045
2022-02-03,667,1531,18583,1078353313
2022-02-04,495,1179,13672,1444196124
2022-02-05,357,988,10715,597915695
2022-02-06,448,1136,12995,1008263949
2022-02-07,667,1743,21385,978312000
2022-02-08,709,1669,22214,916321553
2022-02-09,601,1566,20994,1193739542
2022-02-10,554,1144,17499,1333848055
2022-02-11,475,1105,15340,1035560050
2022-02-12,374,1010,10115,842561348
2022-02-13,396,1053,11699,1412162268
2022-02-14,575,1427,21023,1184295246
2022-02-15,634,1532,26477,1531405816
2022-02-16,729,1653,23612,1862172866
2022-02-17,576,1449,18551,1978376264
2022-02-18,544,1117,18067,1259361377
2022-02-19,408,1414,12320,1232120066
2022-02-20,412,1097,12058,765528188
2022-02-21,667,1441,23493,1987938514
2022-02-22,646,1656,22346,1929202783
2022-02-23,703,2649,29559,2353156403
2022-02-24,672,1680,22104,2343241796
2022-02-25,600,1765,20976,1626198923
2022-02-26,426,1205,13023,1335380246
2022-02-27,438,1012,14548,1227711664
2022-02-28,730,2176,28370,1844537098
2023-02-01,622,1642,24523,2106649628
2023-02-02,606,1551,22058,1553886516
2023-02-03,496,1158,17861,1430798658
2023-02-04,376,1012,12150,1515961295
2023-02-05,377,1062,13377,2730484074
2023-02-06,658,1500,21211,2074055506
2023-02-07,607,1555,21495,2974920015
2023-02-08,648,1577,23903,1354274142
2023-02-09,615,1620,21668,1655566186
2023-02-10,562,1762,20701,1512300261
2023-02-11,364,940,14397,1055163130
2023-02-12,385,1057,13032,1235603345
2023-02-13,612,1615,24238,4368825197
2023-02-14,683,1927,29861,2697368402
2023-02-15,722,1799,28195,2390386887
2023-02-16,780,2077,28227,3237465177
2023-02-17,684,1644,24014,1489199269
2023-02-18,436,1113,15128,1529640091
2023-02-19,460,1112,16798,1105353659
2023-02-20,824,2058,32963,4379871198
2023-02-21,698,1697,28179,1895037603
2023-02-22,800,1975,34058,2727989216
2023-02-23,697,1845,26240,1536352290
2023-02-24,599,1816,25101,3518684057
2023-02-25,421,1007,13960,943171775
2023-02-26,524,1437,21373,1003618255
2023-02-27,713,2007,30786,2579672474
2023-02-28,806,2154,31941,2727512278
2024-02-01,628,1476,20371,1303414605
2024-02-02,573,1353,18624,961471753
2024-02-03,371,810,9551,1299610064
2024-02-04,359,850,10609,689091587
2024-02-05,542,1434,16862,1504719144
2024-02-06,517,1370,16000,2864932126
2024-02-07,538,1224,17249,1032721815
2024-02-08,526,1291,15976,1615406163
2024-02-09,385,833,12133,1015221016
2024-02-10,357,771,9229,827042086
2024-02-11,373,877,10701,1397782707
2024-02-12,558,1376,17818,974262759
2024-02-13,591,1297,19956,2412127062
2024-02-14,568,1202,17706,1376202581
2024-02-15,493,1078,15137,1648000146
2024-02-16,164,359,4845,162213187
2024-02-17,372,936,12246,1777544280
2024-02-18,432,936,12299,878749139
2024-02-19,628,1302,19922,1758202246
2024-02-20,680,1752,24331,1845424450
2024-02-21,627,1879,25751,2690953142
2024-02-22,659,1283,21086,941258348
2024-02-23,544,1324,18306,1210319150
2024-02-24,415,850,13709,680630602
2024-02-25,454,1215,12889,913105727
2024-02-26,773,1890,26555,1715047395
2024-02-27,768,1891,26888,2050282291
2024-02-28,791,1917,28906,1389402175
2024-02-29,723,1815,24306,2836388219
2025-02-01,507,997,6223,743970825
2025-02-02,527,952,5509,862091054
2025-02-03,651,1495,9055,2281886101
2025-02-04,693,1280,8195,842328459
2025-02-05,781,1516,9853,904422274
2025-02-06,704,1605,9729,1211462106
2025-02-07,662,1260,9716,1171120766
2025-02-08,456,1011,6685,651423678
2025-02-09,393,828,5464,695676622
2025-02-10,786,1627,10267,1197223989
2025-02-11,831,1766,10906,2111659515
2025-02-12,807,1676,11732,1378700908
2025-02-13,795,1678,11333,1008534888
2025-02-14,753,1558,9812,1227194333
2025-02-15,611,1231,7685,782359647
2025-02-16,725,1582,10429,1025608418
2025-02-17,962,1902,12263,1282629884
2025-02-18,950,1943,11910,1270589419
2025-02-19,814,1417,10205,1246956732
2025-02-20,649,1410,9671,1144820738
2025-02-21,693,1266,9276,1175796538
2025-02-22,465,973,7488,507928136
2025-02-23,556,1334,7193,649269609
2025-02-24,784,1669,9673,891839083
2025-02-25,902,2014,10694,1189807766
2025-02-26,790,1783,11300,1893584299
2025-02-27,722,1693,10249,1407535946
2025-02-28,821,1753,10125,1906691164
2026-02-01,763,1061,7395,719256091
2026-02-02,894,1703,9661,2315642459
2026-02-03,1149,1785,11829,1778505575
2026-02-04,946,1491,11883,1117548135
2026-02-05,830,1410,9013,1587689767
2026-02-06,822,1324,9977,813076742
2026-02-07,595,882,5827,345559284
2026-02-08,611,937,6396,886089747
2026-02-09,938,1454,10099,1305352353
2026-02-10,976,1515,10601,878776541
2026-02-11,962,1687,11221,1089856001
2026-02-12,1034,1887,11096,4081654249
2026-02-13,779,1212,7065,828298252
2026-02-14,614,882,4847,424798868
2026-02-15,835,1123,9193,757885789
2026-02-16,795,1214,8473,539010342
2026-02-17,819,1334,7443,905354782
2026-02-18,926,1521,8460,889662337
2026-02-19,836,1274,7925,1330652100
2026-02-20,963,1402,8267,576167291
2026-02-21,701,1081,6969,602235330
2026-02-22,636,889,5713,575709898
2026-02-23,902,1467,9851,1708741293
2026-02-24,953,1375,9203,913165839
2026-02-25,803,1373,9271,1066134761
2026-02-26,850,1530,7943,1228690438
2026-02-27,800,1322,7236,2521614901
2026-02-28,615,863,5917,332295998
2017-03-01,1137,4300,16467,6966780174
2017-03-02,1126,3919,15929,7628794282
2017-03-03,935,3413,13558,5421791986
2017-03-04,811,2827,9826,4029482030
2017-03-05,707,2300,7054,3368919963
2017-03-06,927,3142,10768,5129809078
2017-03-07,1078,3973,12688,5140340396
2017-03-08,1137,4699,16900,6908275323
2017-03-09,999,4485,16265,8839291337
2017-03-10,932,3006,11192,4195919352
2017-03-11,748,2510,7934,7505132006
2017-03-12,839,2575,6897,5042674233
2017-03-13,1043,4021,11550,4468377341
2017-03-14,1197,4668,18811,9294394762
2017-03-15,1383,5708,19446,12655446102
2017-03-16,974,4055,13526,8551688190
2017-03-17,943,4578,12099,5716682075
2017-03-18,784,2820,8465,6865164857
2017-03-19,839,2846,8813,6692454330
2017-03-20,1023,3511,13821,4315627135
2017-03-21,1090,4400,16274,8733570115
2017-03-22,1156,4574,15725,7568832873
2017-03-23,1024,3866,13521,6881381618
2017-03-24,1143,4147,11878,5909091313
2017-03-25,729,2626,7989,4340724813
2017-03-26,477,1753,5661,2295013873
2017-03-27,987,4491,12069,4406351100
2017-03-28,1221,5293,12338,4344809995
2017-03-29,1271,5474,11403,6050517124
2017-03-30,1239,6625,14319,7748309966
2017-03-31,1113,5823,11137,4834770136
2018-03-16,0,0,1,19935
2021-03-01,800,3079,11631,2929242034
2021-03-02,833,1789,11710,2768042537
2021-03-03,823,1824,12275,2069296676
2021-03-04,824,2735,11474,1756702156
2021-03-05,782,1785,10698,2783750208
2021-03-06,614,1219,7239,2297323314
2021-03-07,654,1390,9287,2185411873
2021-03-08,897,1649,12292,2477553533
2021-03-09,945,2019,14244,2856744010
2021-03-10,961,1861,12968,3520008212
2021-03-11,895,1860,11949,4854586868
2021-03-12,845,1876,11513,2886221189
2021-03-13,624,1282,7962,1962054965
2021-03-14,574,1259,7783,1584744726
2021-03-15,875,2488,13684,4053381991
2021-03-16,959,1942,12537,2414171725
2021-03-17,922,2027,13971,3910969921
2021-03-18,870,1816,11758,1853953774
2021-03-19,823,1795,10881,1684226573
2021-03-20,623,1232,7338,1521602452
2021-03-21,632,1222,8157,995011859
2021-03-22,890,1760,12858,2055165049
2021-03-23,892,1820,12892,3080395277
2021-03-24,929,2025,13075,2873390112
2021-03-25,845,1751,11183,1439674105
2021-03-26,798,1705,11646,1594840169
2021-03-27,535,1257,7239,1629770999
2021-03-28,602,1256,8059,1287987864
2021-03-29,875,1819,12456,2408706043
2021-03-30,865,1692,11935,2665447290
2021-03-31,818,1698,11289,2472620912
2022-03-01,849,2102,28560,3338836358
2022-03-02,842,2021,29458,1812588264
2022-03-03,697,2000,28120,2334328107
2022-03-04,723,2010,28263,2900723286
2022-03-05,456,1149,14191,1737963461
2022-03-06,475,1214,19188,1714165331
2022-03-07,772,1844,29221,3404936309
2022-03-08,783,2195,29533,3499302709
2022-03-09,688,1573,24261,1774234705
2022-03-10,745,1792,26083,2279623914
2022-03-11,680,1782,23117,2164276515
2022-03-12,488,1359,16013,1726764220
2022-03-13,455,1330,16733,825930682
2022-03-14,613,1487,21242,1616069970
2022-03-15,763,2245,27451,2719428135
2022-03-16,837,2233,32344,6668816835
2022-03-17,733,1810,28029,2839024748
2022-03-18,653,1598,22382,1789868830
2022-03-19,501,1374,16735,2204585743
2022-03-20,630,1847,20553,2297663945
2022-03-21,853,6824,35187,5903685870
2022-03-22,887,2127,30399,3612379087
2022-03-23,914,2562,34874,6524138166
2022-03-24,841,2060,31194,1868026262
2022-03-25,701,1441,23773,1466532970
2022-03-26,580,1409,17172,2148229959
2022-03-27,509,1375,19584,2718235205
2022-03-28,811,2551,32847,4212785164
2022-03-29,783,1628,25362,3096727895
2022-03-30,833,2018,30817,5551248150
2022-03-31,752,1697,27092,2080680502
2023-03-01,792,1883,31892,3451304127
2023-03-02,751,2111,29739,3723835190
2023-03-03,709,1928,27241,2236366295
2023-03-04,466,1217,14688,2525456715
2023-03-05,505,1271,18854,1792003321
2023-03-06,764,1958,30710,2965399968
2023-03-07,814,2224,32040,2597751674
2023-03-08,1044,2917,39601,3093711134
2023-03-09,822,2118,31394,3968579626
2023-03-10,737,2034,28516,1987085558
2023-03-11,559,1649,18863,1671317549
2023-03-12,581,1622,20460,3678023045
2023-03-13,776,2260,29573,1950138131
2023-03-14,789,3170,33896,2324057965
2023-03-15,860,2228,31109,2352529239
2023-03-16,843,2340,35154,3108097467
2023-03-17,637,1636,22484,1611716787
2023-03-18,512,1277,19390,1201335615
2023-03-19,529,1425,20055,3050942045
2023-03-20,811,2202,30588,2111204888
2023-03-21,774,2285,29487,1791133271
2023-03-22,872,2342,31908,3864576966
2023-03-23,862,2232,32446,6022123775
2023-03-24,609,1585,23037,1542156082
2023-03-25,523,1353,17689,2886264364
2023-03-26,614,1566,19500,1380601226
2023-03-27,880,2671,36752,2592925377
2023-03-28,822,2276,32438,1665718058
2023-03-29,931,2700,37314,2594456302
2023-03-30,880,2669,36859,4040028458
2023-03-31,787,2042,30266,2526980016
2024-03-01,671,1622,23548,1836620966
2024-03-02,533,1346,17402,2144996486
2024-03-03,584,1416,16697,800538985
2024-03-04,858,2090,30689,1954808990
2024-03-05,804,1986,29225,2260665010
2024-03-06,865,2339,33892,3644072560
2024-03-07,779,2313,28642,1277626636
2024-03-08,668,1444,21186,1398075053
2024-03-09,520,1283,15909,897062332
2024-03-10,506,1369,17288,1562629891
2024-03-11,810,1912,30081,2029026146
2024-03-12,820,1849,25128,1455554615
2024-03-13,940,2067,31493,2560948012
2024-03-14,780,1744,24012,1641859698
2024-03-15,690,1772,23547,1913921603
2024-03-16,480,1072,14132,864786379
2024-03-17,539,1332,16563,2802638014
2024-03-18,859,2235,29556,2817526631
2024-03-19,798,2049,26822,1745906904
2024-03-20,792,2756,29366,2721458152
2024-03-21,801,3125,30687,1511451077
2024-03-22,716,2474,23304,1221835265
2024-03-23,537,2003,16789,1108342354
2024-03-24,494,1088,15524,649081966
2024-03-25,862,1838,30157,2329533491
2024-03-26,829,1919,27582,2747807918
2024-03-27,843,1805,29773,1248621925
2024-03-28,729,1742,22737,1761670069
2024-03-29,688,1729,19823,2159533384
2024-03-30,589,1077,15501,592298980
2024-03-31,530,1211,15223,1332025273
2025-03-01,610,1452,8178,1209482379
2025-03-02,678,1496,9433,1039906513
2025-03-03,1060,2387,13538,1506020437
2025-03-04,1200,2810,14990,1238211159
2025-03-05,1206,3052,17357,1467541336
2025-03-06,1054,3284,14494,2090321213
2025-03-07,887,2144,10957,904850178
2025-03-08,732,2128,8550,1100218233
2025-03-09,828,2079,8737,825750811
2025-03-10,1099,2745,13108,1135177735
2025-03-11,969,2364,12361,1042772195
2025-03-12,1058,2617,14979,2063883411
2025-03-13,934,2514,11215,774745647
2025-03-14,883,2653,11013,1866913665
2025-03-15,665,1982,7712,740843625
2025-03-16,782,1937,9798,882801081
2025-03-17,1210,3080,18196,1216434929
2025-03-18,1119,3029,14496,1551764841
2025-03-19,978,3256,14465,1791385152
2025-03-20,1002,3441,12914,1342623147
2025-03-21,880,2991,10511,881831366
2025-03-22,694,2149,10795,848085307
2025-03-23,790,2345,10449,1414187249
2025-03-24,1086,3616,15992,1547345831
2025-03-25,1045,2688,14056,2140520444
2025-03-26,1000,3016,15259,2383857006
2025-03-27,976,2695,14024,1051049522
2025-03-28,1037,5214,15374,1121250010
2025-03-29,774,3833,10001,1587005124
2025-03-30,729,3912,10229,595346855
2025-03-31,982,3346,14223,1518618069
2026-03-01,804,1276,7288,1074233275
2026-03-02,1015,1613,12420,725534486
2026-03-03,1181,1871,14076,1981639711
2026-03-04,1050,1826,12793,1308180600
2026-03-05,1070,1804,13478,1147167499
2026-03-06,972,1503,10479,1068572088
2026-03-07,668,1125,5991,652897082
2026-03-08,665,960,5890,488111298
2026-03-09,1049,1723,11624,1022124310
2026-03-10,1137,1902,12897,1297984476
2026-03-11,895,1686,10494,580184909
2026-03-12,1040,1723,10188,947165676
2026-03-13,828,1426,9018,1097095759
2026-03-14,792,1470,7360,991325373
2026-03-15,732,1165,6721,517627384
2026-03-16,984,2069,11290,1174978413
2026-03-17,1271,2496,14139,1202836488
2026-03-18,1062,2006,11059,643897033
2026-03-19,895,2165,10251,976998609
2026-03-20,752,1555,7290,810733215
2026-03-21,573,1132,6885,802178398
2026-03-22,624,1132,6638,1500837686
2026-03-23,878,1702,10680,932903609
2026-03-24,936,2168,12782,805377775
2026-03-25,1020,2148,11282,1234122402
2026-03-26,820,1464,8342,522677422
2026-03-27,766,1455,7499,791811508
2026-03-28,575,1001,5291,267747474
2026-03-29,695,1208,6940,487795823
2026-03-30,1046,2275,12354,925620482
2026-03-31,824,1618,8615,347689631
2017-04-01,839,3088,7448,3871817738
2017-04-02,806,3260,6895,3569186199
2017-04-03,939,3513,8261,2851200529
2017-04-04,1142,3987,11029,5959383369
2017-04-05,1190,4793,11610,6598712991
2017-04-06,1163,4261,10340,8684499873
2017-04-07,1112,5184,10786,7735847216
2017-04-08,853,4058,8705,5793362890
2017-04-09,846,2849,6536,3648235081
2017-04-10,979,3337,9765,5708968530
2017-04-11,1078,3641,9474,4960850792
2017-04-12,1075,3529,8107,5213047628
2017-04-13,1710,6514,13616,5047794399
2017-04-14,977,3092,8584,5347728533
2017-04-15,819,3808,7363,3414990977
2017-04-16,632,2488,6342,4406244620
2017-04-17,868,3349,10365,5554943682
2017-04-18,959,3683,10347,5328964219
2017-04-19,914,3525,10117,4708377713
2017-04-20,990,3352,9031,7390687684
2017-04-21,888,3373,11160,6982128119
2017-04-22,754,2626,8183,5359866932
2017-04-23,682,2423,5873,5478070224
2017-04-24,958,3869,10708,6247859338
2017-04-25,1053,4411,11621,5864832096
2017-04-26,1059,4823,11150,12442377627
2017-04-27,1025,4872,11767,16328504856
2017-04-28,887,3115,8909,6921276169
2017-04-29,639,1878,5133,4649405162
2017-04-30,665,2407,7141,2869930391
2021-04-01,722,1435,9672,2242319098
2021-04-02,667,1329,9105,1711703797
2021-04-03,549,1263,6809,1810181202
2021-04-04,470,983,6183,1744423982
2021-04-05,715,1341,9339,2486090679
2021-04-06,1071,2141,15245,4362797831
2021-04-07,896,1704,11906,4259713370
2021-04-08,899,1855,12043,2997381363
2021-04-09,782,1496,10913,1404189111
2021-04-10,739,1512,10475,2248953252
2021-04-11,745,1408,10036,3001782644
2021-04-12,917,1976,13331,3251987132
2021-04-13,961,1867,12701,2307973362
2021-04-14,799,1663,11026,2464183190
2021-04-15,798,1604,11424,3111526206
2021-04-16,771,1696,11411,1489244930
2021-04-17,631,1384,8644,2075554846
2021-04-18,648,1152,8047,1116812429
2021-04-19,737,1533,10494,2678371092
2021-04-20,869,1651,11936,3004676650
2021-04-21,804,1597,11686,3019118993
2021-04-22,820,1677,11533,2065544560
2021-04-23,695,1411,9308,2120025409
2021-04-24,632,1331,8523,1394730557
2021-04-25,656,1468,9553,1185347300
2021-04-26,848,1747,11600,2359681137
2021-04-27,857,1879,12372,2696163202
2021-04-28,795,1523,10154,1932108075
2021-04-29,821,1710,10846,1940212405
2021-04-30,658,2226,10129,2339588110
2022-04-01,610,1371,19895,2146025389
2022-04-02,569,1354,19794,2046406519
2022-04-03,502,1201,15975,2342170435
2022-04-04,690,1729,23706,2526069690
2022-04-05,696,1646,23147,2527586961
2022-04-06,780,1921,29828,4025818553
2022-04-07,705,1615,27908,1243673740
2022-04-08,673,1650,23230,2966006926
2022-04-09,477,3092,17991,1001028578
2022-04-10,512,1244,18086,1635176520
2022-04-11,831,1743,27988,3118445980
2022-04-12,805,1840,29764,2038260299
2022-04-13,727,1531,25411,2852644453
2022-04-14,791,1814,29483,2673761721
2022-04-15,710,1750,22640,2760983115
2022-04-16,555,1269,16066,1127779715
2022-04-17,518,1176,18966,1210472554
2022-04-18,755,1504,21947,2601450170
2022-04-19,760,1893,25201,1936388961
2022-04-20,694,1768,24070,1338361486
2022-04-21,631,1562,22820,2583234288
2022-04-22,607,1535,23462,2122310518
2022-04-23,482,1049,16875,1694445824
2022-04-24,502,1242,16693,1339778153
2022-04-25,734,1617,24862,2544120456
2022-04-26,743,1656,25317,2009952263
2022-04-27,742,1620,26255,3196324939
2022-04-28,727,1868,25591,2704703030
2022-04-29,605,1587,22174,927134561
2022-04-30,410,990,13529,1329799365
2023-04-01,540,1480,16647,2690293751
2023-04-02,507,1529,18352,3957077533
2023-04-03,824,2381,32072,2999769209
2023-04-04,933,2765,34924,8459688828
2023-04-05,881,2457,35842,2445237863
2023-04-06,782,2321,32336,3293051051
2023-04-07,737,3054,29722,5215854045
2023-04-08,513,1374,18803,1297261025
2023-04-09,506,1429,18855,2478827692
2023-04-10,751,2483,31225,4090258885
2023-04-11,834,2319,34042,2073060342
2023-04-12,833,2094,29583,1754897768
2023-04-13,833,2588,39890,2863610636
2023-04-14,829,2206,28292,2502746039
2023-04-15,508,1406,18106,1313831969
2023-04-16,616,1674,22790,1395563104
2023-04-17,819,2369,31650,1804143399
2023-04-18,1050,3088,43593,2822050943
2023-04-19,825,2628,31352,3101664127
2023-04-20,873,2632,33098,4089315887
2023-04-21,633,1786,24240,1906538307
2023-04-22,562,1637,20729,2277833681
2023-04-23,699,1852,25754,2557458980
2023-04-24,875,2760,32756,2911682233
2023-04-25,994,2886,32816,4380261509
2023-04-26,751,2166,27727,2902719871
2023-04-27,784,2158,26664,2911701530
2023-04-28,623,1620,18997,1171870420
2023-04-29,496,1414,15652,715708478
2023-04-30,528,1500,18801,1611216390
2024-04-01,692,1818,25966,1652387256
2024-04-02,896,2067,32901,2094025274
2024-04-03,857,2011,30687,2759602365
2024-04-04,767,2375,26968,2002424869
2024-04-05,534,1220,17111,1130565996
2024-04-06,520,1138,15807,1418649190
2024-04-07,637,1641,22455,1780133275
2024-04-08,827,1977,30981,2039067639
2024-04-09,912,2428,36780,2593333296
2024-04-10,857,2126,31383,2141741371
2024-04-11,787,2106,28503,2478670234
2024-04-12,686,1504,22682,863339805
2024-04-13,460,1228,15306,974158130
2024-04-14,595,1367,18039,1708531624
2024-04-15,899,2979,36943,2577767645
2024-04-16,781,2055,30465,3197229539
2024-04-17,851,2236,32918,3385424174
2024-04-18,802,2062,29412,1548291235
2024-04-19,702,1660,24824,1560359691
2024-04-20,552,1428,24854,987927405
2024-04-21,654,1507,20793,2189718342
2024-04-22,1007,2611,43532,2491472534
2024-04-23,947,2560,34484,2085453814
2024-04-24,1015,2844,37419,3088342524
2024-04-25,1036,2868,32760,2010346111
2024-04-26,855,1895,26495,1659189189
2024-04-27,644,1581,23342,2026334283
2024-04-28,768,1990,23735,1589785831
2024-04-29,910,2010,31032,1780975452
2024-04-30,732,1560,22591,1703456683
2025-04-01,1025,2849,14489,1586541852
2025-04-02,968,2368,13123,1640981297
2025-04-03,907,2212,12532,961116055
2025-04-04,706,1488,8657,770636524
2025-04-05,637,1647,7651,656803852
2025-04-06,589,1568,7426,860359778
2025-04-07,1093,3034,19452,2710181006
2025-04-08,1385,6133,19662,2423149339
2025-04-09,1235,5764,17810,2528435591
2025-04-10,1289,6458,19531,2040345175
2025-04-11,1098,4783,15082,1710103617
2025-04-12,787,4129,12064,949938221
2025-04-13,887,6813,15467,1621014441
2025-04-14,1235,6102,18039,1232430750
2025-04-15,1037,3412,14981,2080657770
2025-04-16,1094,3233,15742,1460029255
2025-04-17,943,2976,13974,1364344281
2025-04-18,830,2784,11482,1639368399
2025-04-19,676,1926,8549,862391925
2025-04-20,838,2777,11228,1357253623
2025-04-21,1024,2709,13538,1465615323
2025-04-22,1182,2693,18396,2126676652
2025-04-23,1003,2289,16148,2503867477
2025-04-24,936,2085,14504,1532940739
2025-04-25,791,2093,11838,1461361029
2025-04-26,670,1531,11289,761787031
2025-04-27,718,1764,11598,1342953186
2025-04-28,870,1987,13416,1050912473
2025-04-29,800,2001,11664,1543861185
2025-04-30,796,2065,11512,1364040289
2026-04-01,945,1938,9655,623045198
2026-04-02,918,1611,8261,527208574
2026-04-03,714,1259,6751,412507832
2026-04-04,606,1052,4676,324190869
2026-04-05,546,1053,4883,489278649
2026-04-06,766,1258,6792,405186645
2026-04-07,958,1810,9992,682041499
2026-04-08,1037,2220,12833,772829926
2026-04-09,851,1533,8042,552218663
2026-04-10,719,1209,6648,399242889
2026-04-11,701,1274,5750,632898411
2026-04-12,768,1658,5415,731277718
2026-04-13,1054,1659,4608,579913760
2026-04-14,905,1882,4921,579696750
2026-04-15,928,1753,3774,673250713
2026-04-16,1138,1830,3728,493094310
2026-04-17,765,1335,2901,543411274
2026-04-18,667,1155,2823,235739748
2026-04-19,733,1315,2642,603334699
2026-04-20,979,1846,4343,376235817
2026-04-21,942,1798,3774,550515461
2026-04-22,842,1720,3784,739483186
2026-04-23,802,1691,3841,480329666
2026-04-24,896,2063,5729,641673929
2026-04-25,618,1209,2625,461613849
2026-04-26,636,1082,2445,269951124
2026-04-27,968,1909,4371,549116941
2026-04-28,1005,2104,4485,1187185697
2026-04-29,856,1682,3985,1220787198
2026-04-30,672,1034,2493,523887183
2021-05-01,468,987,6155,734309483
2021-05-02,502,1101,6198,1673070976
2021-05-03,713,1798,10427,2634317149
2021-05-04,722,2407,10986,1774906740
2021-05-05,732,1599,10964,2844028217
2021-05-06,739,1573,9814,1901124992
2021-05-07,758,1544,10511,3315912630
2021-05-08,493,1127,6597,1270565732
2021-05-09,582,1298,8150,3149566014
2021-05-10,842,1766,10613,3893227527
2021-05-11,793,1498,10386,2221419257
2021-05-12,777,1599,11083,4585241612
2021-05-13,708,1495,9306,1909025861
2021-05-14,571,1152,8010,1989421385
2021-05-15,466,1132,6588,628304343
2021-05-16,477,1368,7510,1590704781
2021-05-17,749,1565,10713,1973044114
2021-05-18,759,1565,10304,2292206621
2021-05-19,769,1633,10357,3922601106
2021-05-20,744,1453,10162,2958904505
2021-05-21,612,1270,9534,1138740006
2021-05-22,546,2256,8356,2018314629
2021-05-23,531,2820,8086,878791246
2021-05-24,722,1551,10420,1640959437
2021-05-25,770,2028,10606,1995051238
2021-05-26,796,3170,12648,2364017523
2021-05-27,685,1469,9817,2585326081
2021-05-28,626,1311,8948,1892530055
2021-05-29,516,1391,7553,1987973560
2021-05-30,576,1197,8121,1085739320
2021-05-31,722,1600,10363,2593846151
2022-05-01,462,1210,15586,2015805621
2022-05-02,600,1339,19755,1377961419
2022-05-03,692,1582,26363,3192056327
2022-05-04,790,1992,29082,3193313132
2022-05-05,789,1789,28897,2503130431
2022-05-06,572,1490,20488,2442388581
2022-05-07,561,1606,19748,1521562978
2022-05-08,493,1099,18816,1371230611
2022-05-09,780,1705,27453,2600247793
2022-05-10,766,1842,27882,2570509602
2022-05-11,873,2028,34092,1946670673
2022-05-12,777,1780,28894,2153220650
2022-05-13,639,1673,23295,1912980448
2022-05-14,551,1296,19720,1457057461
2022-05-15,597,1296,19273,1359790272
2022-05-16,780,1860,28074,2421026775
2022-05-17,714,1671,26123,1647514280
2022-05-18,709,2063,26451,3785416734
2022-05-19,720,1762,28259,3830414460
2022-05-20,609,1723,24647,2043137310
2022-05-21,479,1376,16651,1283409522
2022-05-22,585,1429,23269,2974685513
2022-05-23,703,1737,24121,1632655201
2022-05-24,695,1515,23779,2556238519
2022-05-25,662,1492,23540,1927946734
2022-05-26,647,1754,24256,1774748822
2022-05-27,605,1511,22947,2490273216
2022-05-28,497,1917,17011,1855903838
2022-05-29,531,1720,19144,1477667229
2022-05-30,754,1764,27282,2962161228
2022-05-31,735,1765,27638,1740887955
2023-05-01,758,2027,24487,1982355146
2023-05-02,780,1985,26808,2360488116
2023-05-03,842,2300,26505,3156709008
2023-05-04,747,2046,26646,3398396901
2023-05-05,737,1978,26589,2080969076
2023-05-06,570,1657,18978,2049809731
2023-05-07,614,1780,22574,1903788490
2023-05-08,985,2813,36500,2305981338
2023-05-09,956,2805,32732,2860033162
2023-05-10,920,2430,30989,1709881707
2023-05-11,884,2327,27749,1745306052
2023-05-12,813,2117,24542,2335530706
2023-05-13,1039,2010,18525,1194920520
2023-05-14,877,1849,20067,1402929812
2023-05-15,946,2557,32532,2294914104
2023-05-16,910,2115,27717,1683741985
2023-05-17,867,2426,29307,4431178770
2023-05-18,829,2282,29223,2147204097
2023-05-19,766,2024,24153,1478530903
2023-05-20,605,1532,18575,1207135401
2023-05-21,1308,2471,19011,1871731017
2023-05-22,996,2603,33757,2245265685
2023-05-23,1014,2706,33800,2502612015
2023-05-24,966,2701,32543,2773790682
2023-05-25,931,2785,32777,4458035456
2023-05-26,815,2147,25497,2243640258
2023-05-27,665,2035,20166,1108058902
2023-05-28,605,1540,17632,1314792515
2023-05-29,932,2383,30242,2532361674
2023-05-30,951,2563,32625,2731493992
2023-05-31,959,2651,30576,2269531835
2024-05-01,616,1399,18031,1080756100
2024-05-02,712,1850,21776,1588535787
2024-05-03,669,1634,21538,2590021932
2024-05-04,563,1252,18055,1378488260
2024-05-05,625,1383,21461,1541594979
2024-05-06,791,1838,26257,2178384437
2024-05-07,782,1719,26695,2831627969
2024-05-08,875,2338,31409,2532792399
2024-05-09,831,1975,29778,1983042178
2024-05-10,704,1526,24640,1679039894
2024-05-11,604,1681,19149,2578723002
2024-05-12,561,1556,19982,2343578453
2024-05-13,802,2155,29959,3470080431
2024-05-14,860,2105,29282,2161355579
2024-05-15,925,2340,35956,1603828243
2024-05-16,940,2230,28159,1659467271
2024-05-17,693,1548,21209,1353876927
2024-05-18,552,1607,18358,1667189434
2024-05-19,712,1873,21792,2289067956
2024-05-20,943,2623,29980,2588420221
2024-05-21,835,2776,29091,2162136169
2024-05-22,787,2291,26051,1733087566
2024-05-23,755,2407,22172,1886709237
2024-05-24,655,1907,20095,1340138811
2024-05-25,539,1499,18589,940420083
2024-05-26,568,1781,19233,2189214785
2024-05-27,789,2269,28312,1986788694
2024-05-28,832,2472,29676,2095347929
2024-05-29,830,2332,28357,2912770177
2024-05-30,833,2329,26441,1628721337
2024-05-31,630,1900,21965,1708011287
2025-05-01,629,1430,8270,1777505088
2025-05-02,653,1453,8835,835237098
2025-05-03,571,1341,7256,830521096
2025-05-04,563,1362,7599,531826452
2025-05-05,808,2037,10472,2570405228
2025-05-06,1001,2711,15396,2606917801
2025-05-07,935,2198,13450,1099396711
2025-05-08,957,2228,13785,1500475525
2025-05-09,810,1963,11038,1451421016
2025-05-10,741,1885,10557,1064034451
2025-05-11,705,2320,9583,766955393
2025-05-12,964,2506,13051,775033173
2025-05-13,973,2048,13524,1473204807
2025-05-14,1050,2346,14133,1861034351
2025-05-15,864,1799,10703,759051086
2025-05-16,785,1596,10162,1327176883
2025-05-17,539,1234,7121,1247281128
2025-05-18,731,1812,9858,670499025
2025-05-19,971,2650,13834,1702339902
2025-05-20,971,2108,11883,1282142627
2025-05-21,874,2447,12309,1413326240
2025-05-22,826,1892,11146,925795422
2025-05-23,763,1797,10430,1219609365
2025-05-24,515,1154,7042,1211448024
2025-05-25,551,1228,7566,770698719
2025-05-26,893,2219,14108,1807653355
2025-05-27,983,2275,15022,2663330490
2025-05-28,908,2190,12618,1659348940
2025-05-29,912,1970,12015,1577464663
2025-05-30,718,1724,9734,2170759949
2025-05-31,487,954,6484,790542234
2026-05-01,587,1029,2306,131987358
2026-05-02,565,902,1991,363506539
2026-05-03,672,1108,2160,275713466
2026-05-04,740,1394,2504,592755726
2026-05-05,683,1292,2788,577200155
2026-05-06,860,1683,4111,618902905
2026-05-07,864,1737,3778,639140992
2026-05-08,848,1517,3305,838785079
2026-05-09,747,1281,3196,180827611
2026-05-10,845,1349,3195,466252202
2026-05-11,969,1793,4048,848999343
2026-05-12,914,1691,3938,360645390
2026-05-13,899,1765,3897,429714104
2026-05-14,992,1929,4169,385653190
2026-05-15,789,1637,3299,211462728
2026-05-16,1072,1941,3826,411503499
2026-05-17,722,1600,2972,1201099346
2026-05-18,1025,2006,5326,426424060
2026-05-19,703,1463,3014,315813334
2026-05-20,1164,2313,4925,969694803
2026-05-21,1043,1870,3672,504180987
2026-05-22,1044,1684,4161,794900007
2026-05-23,578,1353,3450,594660869
2026-05-24,552,1328,3552,468667590
2026-05-25,818,1565,3697,482903824
2026-05-26,1307,2317,4818,422479575
2026-05-27,1059,1675,4407,799559963
2026-05-28,908,1564,3690,1358381987
2026-05-29,772,1163,2660,206111859
2026-05-30,692,1022,2102,122243238
2026-05-31,644,1059,1995,570192504
2017-06-01,1429,5260,20710,9145559038
2017-06-02,1395,4968,18405,6317577724
2017-06-03,1018,3405,14163,6522258361
2017-06-04,955,2758,12233,4861941492
2017-06-05,1146,3884,16252,4771440914
2017-06-06,1355,4311,18576,6938172105
2017-06-07,1347,5112,18603,5844330473
2017-06-08,1299,4712,18708,6646621746
2017-06-09,1195,4512,16532,4769334039
2017-06-10,930,3337,12001,4651870635
2017-06-11,956,4190,15243,6549292907
2017-06-12,1223,4412,20733,11364167221
2017-06-13,1328,5748,23872,21329829780
2017-06-14,1201,4619,18929,15070399318
2017-06-15,1122,4790,19894,18622309540
2017-06-16,1011,4364,17197,14572045774
2017-06-17,832,3773,12180,6280892391
2017-06-18,752,3059,11607,9454585976
2017-06-19,893,3430,14477,12807266007
2017-06-20,895,3354,16971,12242500861
2017-06-21,1094,4723,16136,17692514958
2017-06-22,1108,4304,17721,12119674919
2017-06-23,1074,5036,19777,17045532545
2017-06-24,815,2886,12267,10954464424
2017-06-25,765,2480,11553,8459619695
2017-06-26,936,3772,17017,12445789184
2017-06-27,1106,4301,17882,13082841054
2017-06-28,1013,3881,15708,10908530725
2017-06-29,1097,5035,19653,16182828585
2017-06-30,975,5344,15672,25986493090
2020-06-04,0,0,1,1035
2020-06-06,0,0,1,1035
2020-06-20,0,0,1,1035
2021-06-01,681,1371,8979,3679918849
2021-06-02,721,1603,10416,1703361382
2021-06-03,649,1463,9279,1848770340
2021-06-04,594,1164,7677,2224200250
2021-06-05,476,935,6799,1912471633
2021-06-06,560,1192,7365,1330114342
2021-06-07,715,1664,10486,2416899429
2021-06-08,669,1492,9489,2175971582
2021-06-09,678,2336,10968,1774162008
2021-06-10,583,1297,8424,1972275148
2021-06-11,540,1215,7471,1478423097
2021-06-12,392,861,4971,775664672
2021-06-13,447,967,5454,1217961519
2021-06-14,582,1175,8060,1096769997
2021-06-15,597,1243,8430,1354685945
2021-06-16,577,1345,8916,3367646803
2021-06-17,610,1606,8547,1709365856
2021-06-18,509,1105,6603,1936048226
2021-06-19,377,1008,4997,936662692
2021-06-20,374,759,4815,1619484267
2021-06-21,539,1066,7234,1211324356
2021-06-22,540,1106,6974,1413417922
2021-06-23,587,1278,7822,1493963546
2021-06-24,597,1243,8174,1529102904
2021-06-25,493,997,5997,780381002
2021-06-26,366,768,4271,1514016693
2021-06-27,348,812,4400,1162394172
2021-06-28,567,1173,7402,1459923370
2021-06-29,550,1194,7462,1897517869
2021-06-30,551,1117,7234,813007013
2022-06-01,732,1750,28740,1973408440
2022-06-02,639,1533,23155,1362874455
2022-06-03,535,1355,18635,1572139497
2022-06-04,429,1164,15823,1186609066
2022-06-05,475,1171,15275,877025302
2022-06-06,647,1660,22743,1434763939
2022-06-07,713,1722,25937,2080429674
2022-06-08,689,1611,24356,1475907226
2022-06-09,657,1484,22462,2182380597
2022-06-10,571,1423,19343,1295981827
2022-06-11,424,1161,14794,1181873574
2022-06-12,423,1021,13970,1183707311
2022-06-13,685,1682,24095,1580941296
2022-06-14,652,1421,22698,1480118495
2022-06-15,623,1599,20807,3023972493
2022-06-16,568,1322,20334,1312741037
2022-06-17,460,1012,14450,1783910547
2022-06-18,332,831,10701,666316347
2022-06-19,402,896,11959,549651075
2022-06-20,498,1101,15997,1139365960
2022-06-21,616,1246,19831,1424475844
2022-06-22,530,1073,18653,1468905127
2022-06-23,447,1082,14435,1035665325
2022-06-24,460,1092,14831,885237982
2022-06-25,334,807,9351,753856772
2022-06-26,432,1070,12453,542863873
2022-06-27,608,1218,17416,1103655345
2022-06-28,616,1304,19471,1746738127
2022-06-29,548,1270,16840,1161389294
2022-06-30,476,1033,13146,764359751
2023-06-01,913,2359,30649,1660305667
2023-06-02,827,2244,25537,2563012522
2023-06-03,646,1615,18873,1296745037
2023-06-04,562,1630,16986,1906429988
2023-06-05,849,2161,28674,2061804500
2023-06-06,902,2540,30461,2062121725
2023-06-07,906,2183,28180,1486557743
2023-06-08,790,1953,21513,1844441356
2023-06-09,707,1876,20997,1565721971
2023-06-10,559,1582,16868,973766841
2023-06-11,641,1823,19258,1937668236
2023-06-12,930,2542,33260,2163371195
2023-06-13,875,2051,25066,3350623301
2023-06-14,870,2018,24079,2204509981
2023-06-15,753,1972,23865,2523709408
2023-06-16,594,1392,15654,1099957538
2023-06-17,503,1241,12964,1116803717
2023-06-18,512,1517,14651,1070103447
2023-06-19,658,1790,19839,1637010460
2023-06-20,651,1826,18663,1269413669
2023-06-21,625,1494,16932,1077820884
2023-06-22,649,1423,16398,1881111677
2023-06-23,578,1272,15272,1086150299
2023-06-24,588,1611,15960,2691707480
2023-06-25,586,1601,15808,1531008744
2023-06-26,742,1678,19158,2114707844
2023-06-27,726,1669,19716,1494154175
2023-06-28,725,1693,19344,2048096543
2023-06-29,716,1827,19098,1021508725
2023-06-30,575,1432,13991,926453334
2024-06-01,529,1553,16035,1386100013
2024-06-02,636,1641,15248,1276258397
2024-06-03,773,2177,24989,1741701298
2024-06-04,740,2028,23085,1612245395
2024-06-05,806,2265,26245,1971166770
2024-06-06,818,2732,24606,2235218414
2024-06-07,583,1759,15987,1037960258
2024-06-08,441,1493,13988,732449836
2024-06-09,499,1648,14865,1045485640
2024-06-10,686,2044,20353,1036167277
2024-06-11,806,2974,26897,3617487416
2024-06-12,735,2350,23909,2787824166
2024-06-13,700,2373,21391,1863672256
2024-06-14,628,1842,17947,1763940319
2024-06-15,522,1302,12336,577883047
2024-06-16,427,1380,12873,1592225420
2024-06-17,696,2186,21283,1764615446
2024-06-18,750,1913,19351,2200194050
2024-06-19,658,2036,20297,1133074519
2024-06-20,625,1880,18438,1251465791
2024-06-21,594,1782,15711,1876626537
2024-06-22,462,1456,12757,1431055270
2024-06-23,471,1487,14584,1037130412
2024-06-24,628,1658,17167,1314007989
2024-06-25,632,1649,18290,823206477
2024-06-26,810,2056,23383,1348059056
2024-06-27,672,1858,18540,1504071607
2024-06-28,670,1824,18539,702754866
2024-06-29,517,1578,14155,889797049
2024-06-30,454,1287,11006,392842756
2025-06-01,524,1222,7406,757464097
2025-06-02,683,1445,9518,972235291
2025-06-03,896,2031,13792,1580993661
2025-06-04,845,2072,14963,1716084860
2025-06-05,711,1560,10140,1111943560
2025-06-06,654,1907,10023,1870331136
2025-06-07,516,1131,7274,901022884
2025-06-08,495,1153,6568,829802128
2025-06-09,746,1481,9658,1183832342
2025-06-10,802,1909,11592,1039778951
2025-06-11,806,1853,11918,3090542047
2025-06-12,777,1576,9856,888634276
2025-06-13,647,1505,9344,2696476964
2025-06-14,564,1177,7135,1232719613
2025-06-15,628,1323,8349,1325564560
2025-06-16,800,1630,10825,884257746
2025-06-17,822,2864,11443,966031376
2025-06-18,818,1665,10933,1666399254
2025-06-19,911,2017,11671,1372761910
2025-06-20,792,1506,8908,1175862917
2025-06-21,516,1005,6378,404360024
2025-06-22,509,1080,5698,756429974
2025-06-23,726,1470,8641,2161958543
2025-06-24,734,1434,9699,1524321606
2025-06-25,772,1561,9239,1148076901
2025-06-26,836,1341,7267,866803847
2025-06-27,663,1295,7544,1454706150
2025-06-28,511,1013,5845,1613263940
2025-06-29,531,946,5797,439361989
2025-06-30,753,1626,9578,1526216175
2026-06-01,817,1339,3009,551772818
2026-06-02,834,1428,3210,591510586
2026-06-03,1622,2500,4032,333233586
2026-06-04,1562,3156,5650,520512227
2026-06-05,1200,2382,4662,796829530
2026-06-06,991,1406,2731,372146952
2026-06-07,705,1212,2236,461625064
2026-06-08,1052,1792,4032,515342538
2026-06-09,954,1565,3685,367805909
2026-06-10,951,1948,3885,811465853
2026-06-11,777,1319,3172,1032949834
2026-06-12,630,1092,2551,402885667
2026-06-13,558,854,2078,196280927
2026-06-14,615,1183,2127,334292522
2026-06-15,913,1565,3343,444228112
2026-06-16,770,1317,2890,435793631
2026-06-17,856,1508,3318,449204024
2026-06-18,852,1300,2512,634692666
2026-06-19,538,881,1995,188926289
2026-06-20,615,1112,1942,488475045
2026-06-21,625,1090,2574,361213341
2026-06-22,728,1458,2892,199526029
2026-06-23,761,1342,2776,698506760
2026-06-24,849,1442,3095,900710698
2026-06-25,687,1332,3108,968519859
2026-06-26,755,1378,3613,805936374
2026-06-27,974,1222,3005,300326495
2026-06-28,515,895,1881,132959963
2026-06-29,924,1331,2868,565458894
2026-06-30,970,1442,3235,299076358
2017-07-01,698,1953,10384,5367790870
2017-07-02,761,3451,11906,18533993783
2017-07-03,1055,3329,17815,9903222137
2017-07-04,935,3950,14305,11521260731
2017-07-05,989,3904,16842,18745242416
2017-07-06,1037,4649,18824,17684352018
2017-07-07,1003,3769,17671,14362084395
2017-07-08,761,2841,12501,10850984573
2017-07-09,718,2827,11438,12177167288
2017-07-10,1009,3743,17894,14695715746
2017-07-11,1139,4350,20299,13473566092
2017-07-12,1102,4020,17317,10219596178
2017-07-13,1094,3767,17994,11763996987
2017-07-14,860,2946,13448,10999047137
2017-07-15,775,2742,12380,7422147167
2017-07-16,590,1853,9070,6270389072
2017-07-17,936,5190,18850,25777309808
2017-07-18,1024,4664,17929,16777868713
2017-07-19,1005,4281,16057,19571903389
2017-07-20,1087,4949,20230,17140302979
2017-07-21,932,3720,15343,10095428738
2017-07-22,631,2387,9394,3957562605
2017-07-23,665,2334,10139,9696597100
2017-07-24,944,4589,17784,20878909173
2017-07-25,1025,4088,15145,15301429743
2017-07-26,997,3510,16558,10384135395
2017-07-27,975,3702,16278,8755723467
2017-07-28,872,4379,15680,17396326023
2017-07-29,690,3989,12783,8996727222
2017-07-30,622,2492,9949,7790482104
2017-07-31,980,4446,18444,22697854917
2021-07-01,515,1096,6578,2048284789
2021-07-02,414,862,5458,909479865
2021-07-03,358,925,4319,1033875454
2021-07-04,302,758,3710,407343347
2021-07-05,468,956,6440,982284733
2021-07-06,557,1085,8078,1529325791
2021-07-07,433,844,5904,1553963406
2021-07-08,441,964,5771,1416842515
2021-07-09,376,760,4844,844078783
2021-07-10,358,1668,4926,1468475897
2021-07-11,369,783,3824,518704206
2021-07-12,498,1052,6047,1515178368
2021-07-13,465,981,5823,2208241090
2021-07-14,475,947,5996,2598314776
2021-07-15,484,904,5976,581424327
2021-07-16,381,732,4860,1030315940
2021-07-17,248,567,2959,2061930503
2021-07-18,324,700,4249,1161320268
2021-07-19,752,1672,6906,1063049032
2021-07-20,749,1911,6384,2159167649
2021-07-21,752,1739,5728,751729847
2021-07-22,671,1414,5928,1013408405
2021-07-23,620,2315,5912,991924751
2021-07-24,547,1246,4538,524699066
2021-07-25,692,1669,3934,863125152
2021-07-26,1224,3196,8170,1315060991
2021-07-27,481,1111,5964,1012714983
2021-07-28,1459,3164,7940,1237578261
2021-07-29,1932,5092,8838,1527045335
2021-07-30,985,2156,5522,740990030
2021-07-31,325,973,3601,777144937
2022-07-01,498,1056,13914,882348610
2022-07-02,352,849,9615,1042043516
2022-07-03,332,696,9648,610542902
2022-07-04,472,956,13417,1146732718
2022-07-05,562,1254,17378,2012467019
2022-07-06,543,1067,14279,1817106449
2022-07-07,455,1088,14663,831224603
2022-07-08,454,819,10656,471333297
2022-07-09,322,978,8976,545180870
2022-07-10,317,664,8876,669831231
2022-07-11,453,1054,14098,1461837358
2022-07-12,495,1205,13435,1919949892
2022-07-13,601,1248,16279,1817406693
2022-07-14,485,968,16194,1876980816
2022-07-15,470,958,12877,1141705564
2022-07-16,357,730,8655,604344016
2022-07-17,330,1635,9823,477889400
2022-07-18,472,1178,15037,1076169237
2022-07-19,467,959,14794,1261875404
2022-07-20,504,1016,14916,1676327421
2022-07-21,588,1063,13083,769299987
2022-07-22,497,1115,10981,1757757421
2022-07-23,311,985,7807,627176735
2022-07-24,291,687,8252,586048522
2022-07-25,483,1070,12753,792224716
2022-07-26,413,911,12054,1069764475
2022-07-27,476,2114,14672,1604390426
2022-07-28,410,1389,12803,1287318721
2022-07-29,446,1476,11561,1425471077
2022-07-30,315,937,7132,399717045
2022-07-31,334,790,8007,492982902
2023-07-01,518,1294,11496,1181806863
2023-07-02,533,1196,11538,1046746662
2023-07-03,641,1781,18856,2346045478
2023-07-04,647,1853,19122,2447862519
2023-07-05,1528,2681,19685,1508616774
2023-07-06,1565,2609,17662,1326974279
2023-07-07,655,1729,17654,870139018
2023-07-08,477,1183,11718,628850284
2023-07-09,400,929,10453,839694921
2023-07-10,610,1788,16253,1451950847
2023-07-11,625,1632,16359,1398573771
2023-07-12,575,1441,14964,1093477872
2023-07-13,611,1299,16004,1079227700
2023-07-14,517,1125,12700,780248756
2023-07-15,372,861,8731,1731602099
2023-07-16,360,863,9439,1694284140
2023-07-17,1456,2671,18378,2272512532
2023-07-18,641,1504,16957,1577745854
2023-07-19,593,1696,17930,1096699646
2023-07-20,651,1517,16221,1117747592
2023-07-21,555,1495,14093,1122361782
2023-07-22,386,990,9047,1019510905
2023-07-23,339,751,8611,1171280313
2023-07-24,538,1327,15424,1849461135
2023-07-25,1459,2233,14720,2019895099
2023-07-26,609,1351,15333,2568684121
2023-07-27,579,1473,13698,1308833590
2023-07-28,504,1199,14188,1303662307
2023-07-29,376,885,8446,931773865
2023-07-30,403,807,8977,2817099815
2023-07-31,644,1573,18040,4169953979
2024-07-01,657,1770,18549,1759292867
2024-07-02,636,1690,18415,800074824
2024-07-03,592,1503,17774,1384175154
2024-07-04,524,1756,15679,1180174762
2024-07-05,524,1463,13993,722679833
2024-07-06,474,1430,9664,776173029
2024-07-07,331,1070,8251,734071828
2024-07-08,606,1801,16937,870541404
2024-07-09,511,1432,14001,802651467
2024-07-10,608,1744,16146,944464283
2024-07-11,570,1627,16043,739390107
2024-07-12,548,1510,14956,1677000442
2024-07-13,355,1160,7689,507565396
2024-07-14,369,1156,9280,807122702
2024-07-15,578,1646,16144,1168637946
2024-07-16,579,1657,15784,806568137
2024-07-17,534,1555,13975,905773882
2024-07-18,524,1558,14927,1738793526
2024-07-19,436,1157,11620,759632310
2024-07-20,365,1150,9871,503418765
2024-07-21,361,949,8574,424071425
2024-07-22,523,1307,13154,667148378
2024-07-23,499,1601,13943,815684957
2024-07-24,517,1409,13351,1027034398
2024-07-25,499,1410,13196,561040653
2024-07-26,494,1433,11249,550976489
2024-07-27,329,972,7537,270910304
2024-07-28,374,1108,9418,1732385417
2024-07-29,499,1329,14103,714342877
2024-07-30,475,1520,12320,1421059862
2024-07-31,532,1570,15348,1174710006
2025-07-01,658,1282,8102,502102154
2025-07-02,660,1473,7114,1870164757
2025-07-03,703,1310,6903,2214714638
2025-07-04,663,1386,7891,1215143409
2025-07-05,421,807,4565,490256665
2025-07-06,628,1135,5804,655994146
2025-07-07,565,1043,6698,894791085
2025-07-08,575,1093,7513,987643223
2025-07-09,542,1158,8432,770152313
2025-07-10,530,1056,6971,547327624
2025-07-11,540,914,6062,696997063
2025-07-12,462,851,4405,492087100
2025-07-13,489,885,5425,587992680
2025-07-14,738,1419,8178,666966844
2025-07-15,797,1506,10088,575162405
2025-07-16,961,1472,7412,855290215
2025-07-17,1217,2120,7618,956551648
2025-07-18,755,1318,7822,728750995
2025-07-19,607,898,4486,1356205274
2025-07-20,499,832,4643,669804842
2025-07-21,641,1300,6120,1529326963
2025-07-22,789,1462,7603,805950784
2025-07-23,784,1572,8950,1006079857
2025-07-24,919,1603,7419,846931668
2025-07-25,739,1198,5649,466868309
2025-07-26,739,1071,4274,417443427
2025-07-27,536,867,4595,488686549
2025-07-28,718,1223,7025,1050298053
2025-07-29,707,1153,7046,1118467274
2025-07-30,664,1251,6764,1196243230
2025-07-31,870,1442,6418,691571844
2026-07-01,1328,1693,4416,746193718
2026-07-02,793,1178,2397,326849142
2026-07-03,788,1142,2414,480029270
2026-07-04,674,891,1767,253785611
2026-07-05,703,955,2063,397185773
2026-07-06,1042,2300,4625,814326562
2026-07-07,850,1255,3038,432894972
2026-07-08,654,1068,2367,730322055
2026-07-09,714,1207,2666,692362501
2026-07-10,883,1199,2904,585080881
2026-07-11,950,1179,2695,575734848
2026-07-12,905,1233,3031,1214758274
2026-07-13,1248,1827,4563,1354483754
2026-07-14,1799,2170,4090,337981218
2026-07-15,1510,1936,3590,352238766
2026-07-16,1075,1416,2601,561925375
2026-07-17,760,987,1920,404108435
2026-07-18,646,821,1782,193349915
2026-07-19,587,771,1549,263651319
2026-07-20,646,1160,2336,683981069
2026-07-21,683,990,2025,496704183
2026-07-22,793,1064,2169,358531999
2026-07-23,674,943,2266,472379870
2026-07-24,464,739,1573,363947703
2026-07-25,643,865,1653,383279417
2026-07-26,623,907,1846,504743274
2026-07-27,478,812,1896,518482729
2026-07-28,574,888,1949,361609898
2026-07-29,724,1061,1994,318589607
2026-07-30,519,815,1607,370863511
2026-07-31,535,838,1824,264229349
2017-08-01,1020,4350,19512,17959559606
2017-08-02,1130,6270,21974,18882611123
2017-08-03,1055,3903,20316,19122975322
2017-08-04,1042,4161,19736,18991422632
2017-08-05,720,12740,21522,8927204205
2017-08-06,709,2683,12009,6807175593
2017-08-07,941,4946,18238,10440483234
2017-08-08,1034,9684,24564,44159164485
2017-08-09,1032,5752,18495,27585304622
2017-08-10,1101,8874,24599,53667314290
2017-08-11,1011,8125,20854,16513118798
2017-08-12,841,5136,15794,20600992337
2017-08-13,844,4782,15353,14667884810
2017-08-14,1079,5305,18452,17187108905
2017-08-15,977,8966,21398,10862629636
2017-08-16,1018,10628,23399,27667969830
2017-08-17,948,2940,15573,11447641733
2017-08-18,939,2920,16666,10779054111
2017-08-19,773,2480,13070,8484910679
2017-08-20,702,2571,10528,12212417673
2017-08-21,934,3636,17004,15138239739
2017-08-22,1039,4154,19894,18865928132
2017-08-23,881,3022,17570,11171063274
2017-08-24,564,1767,11856,7528035167
2017-08-28,653,3281,15508,15420770032
2017-08-29,1095,4112,20766,13382369819
2017-08-30,931,3072,17779,10567923025
2017-08-31,876,4027,18340,9065862218
2021-08-01,266,599,3305,780668213
2021-08-02,444,954,5655,1727894429
2021-08-03,473,1141,6294,1328085158
2021-08-04,500,1157,6600,990553478
2021-08-05,587,2295,6815,761265764
2021-08-06,1574,3349,7917,1311869929
2021-08-07,621,2248,4886,518878308
2021-08-08,326,767,3736,451209841
2021-08-09,410,903,4911,895185928
2021-08-10,436,908,5749,2111329283
2021-08-11,392,884,4925,490682019
2021-08-12,404,912,5558,1794756540
2021-08-13,379,842,5094,776569883
2021-08-14,298,663,3795,623561100
2021-08-15,255,562,3203,617884506
2021-08-16,461,997,5907,955687179
2021-08-17,524,1187,7243,1067733492
2021-08-18,510,1238,7674,912170013
2021-08-19,494,991,6457,1593386803
2021-08-20,1074,2553,6934,1614873216
2021-08-21,340,822,3861,1203022442
2021-08-22,368,724,4236,832727447
2021-08-23,449,968,6288,3764237358
2021-08-24,446,913,6896,1227771928
2021-08-25,521,1062,6656,795493867
2021-08-26,416,814,5741,1483035626
2021-08-27,442,968,5528,947014405
2021-08-28,322,955,4238,639095335
2021-08-29,341,886,4593,1294336630
2021-08-30,479,1028,7505,1225858525
2021-08-31,512,1053,7042,1713567957
2022-08-01,526,1393,14307,915254202
2022-08-02,627,1679,18877,2516413557
2022-08-03,545,1191,14685,632550214
2022-08-04,551,1446,17961,1262210852
2022-08-05,567,1277,15028,2129478023
2022-08-06,319,820,8218,408725490
2022-08-07,351,773,9829,656097675
2022-08-08,520,1139,14138,671281068
2022-08-09,458,1066,12659,1062352901
2022-08-10,470,1080,15360,991003527
2022-08-11,434,1582,14830,1562576981
2022-08-12,446,1237,14408,2073487760
2022-08-13,307,896,8278,1620449421
2022-08-14,355,1499,9896,1307705236
2022-08-15,464,1244,14497,666877866
2022-08-16,463,1229,16279,1253406547
2022-08-17,574,1184,14008,1891428021
2022-08-18,613,1381,14682,1187723798
2022-08-19,488,1241,13167,1529551466
2022-08-20,287,804,9878,1199960494
2022-08-21,358,1048,12770,1860989940
2022-08-22,436,1012,16563,1750435961
2022-08-23,419,2128,18696,2020457885
2022-08-24,429,1956,19957,3088264416
2022-08-25,431,37885,53979,1120885814
2022-08-26,402,16789,31891,3813225629
2022-08-27,326,1090,11305,1839324554
2022-08-28,322,1239,9872,2388705277
2022-08-29,565,32908,50790,5566718591
2022-08-30,660,4950,26534,380655666227
2022-08-31,742,2160,23609,4523127703
2023-08-01,646,1460,13152,4032639692
2023-08-02,625,1508,14377,3580914757
2023-08-03,518,1093,12504,2063375742
2023-08-04,500,1056,12292,2596629256
2023-08-05,344,845,8298,1661054441
2023-08-06,367,759,8051,3530543843
2023-08-07,582,1477,16727,8458099832
2023-08-08,530,1164,15640,3946840030
2023-08-09,481,1205,14414,1658006940
2023-08-10,612,1428,17908,2393339103
2023-08-11,569,1202,15160,1316185281
2023-08-12,398,899,9227,590847487
2023-08-13,457,973,9878,944260378
2023-08-14,551,1318,15401,3318792291
2023-08-15,533,1146,15604,1964061284
2023-08-16,533,1373,16280,2571596244
2023-08-17,556,1396,14077,2352978790
2023-08-18,559,1229,13080,1793571189
2023-08-19,356,785,8584,1214568627
2023-08-20,336,662,8137,845984078
2023-08-21,525,1180,15110,2192275480
2023-08-22,565,1328,16801,2222503392
2023-08-23,628,1707,20006,2527019537
2023-08-24,608,1628,19680,2924894172
2023-08-25,579,1434,16185,2830504546
2023-08-26,323,743,8730,1055408051
2023-08-27,365,839,9824,1936398726
2023-08-28,602,1700,21151,2831966022
2023-08-29,635,1726,23622,2983910200
2023-08-30,620,1354,20908,1990236392
2023-08-31,596,1379,19385,1523524683
2024-08-01,528,1548,14626,1093996798
2024-08-02,411,1246,10365,833080424
2024-08-03,283,945,7884,392441101
2024-08-04,960,3547,43925,2812704262
2024-08-05,1261,3952,49129,3026260944
2024-08-06,672,1860,22046,943879343
2024-08-07,652,2374,18969,1457736391
2024-08-08,575,1672,15188,1195811105
2024-08-09,546,1704,17627,923604166
2024-08-10,495,1662,14987,1095289605
2024-08-11,479,1399,14189,719433020
2024-08-12,519,1644,16192,1332180927
2024-08-13,650,1856,18100,1263885283
2024-08-14,622,1786,19873,1030441300
2024-08-15,614,1630,18647,934214241
2024-08-16,499,1466,13975,1062869222
2024-08-17,298,1033,8490,896208942
2024-08-18,360,1242,10252,909639989
2024-08-19,648,1815,22164,1777442202
2024-08-20,518,1513,16742,2226074281
2024-08-21,550,1598,19336,1475364103
2024-08-22,462,1314,12452,653117181
2024-08-23,466,1700,14888,927608453
2024-08-24,352,784,9528,844121513
2024-08-25,350,665,10267,401414867
2024-08-26,530,1056,16247,885364803
2024-08-27,600,1232,17521,1744878322
2024-08-28,645,1467,22399,1197841217
2024-08-29,585,1265,18723,928723147
2024-08-30,526,1596,17100,1437117136
2024-08-31,356,1034,11274,1862435782
2025-08-01,720,1294,6363,729204652
2025-08-02,436,735,3753,269179338
2025-08-03,544,1118,5245,1045634101
2025-08-04,697,1274,7377,783545327
2025-08-05,659,1226,6614,571104523
2025-08-06,639,1272,6268,521304362
2025-08-07,524,1128,6005,540502579
2025-08-08,517,1037,5860,696968023
2025-08-09,439,742,3982,416926043
2025-08-10,461,769,3834,463868763
2025-08-11,635,1249,7592,736650381
2025-08-12,679,1427,7081,1142003707
2025-08-13,586,1205,7715,1403723789
2025-08-14,744,1290,7606,1702155364
2025-08-15,634,1100,5351,503830555
2025-08-16,713,1226,5403,611768302
2025-08-17,604,961,4512,445209895
2025-08-18,764,1333,7502,833899544
2025-08-19,707,1282,7709,525458747
2025-08-20,697,1198,7136,653988880
2025-08-21,697,1659,8372,865133763
2025-08-22,678,1304,7068,910125200
2025-08-23,500,780,4252,452621878
2025-08-24,692,1104,5117,439788469
2025-08-25,707,1322,8234,455536731
2025-08-26,822,1549,9470,805928888
2025-08-27,756,1541,7956,780063552
2025-08-28,904,1954,9725,654088191
2025-08-29,824,1832,8428,746432985
2025-08-30,582,1029,5582,745107674
2025-08-31,509,1057,5607,697107820
2026-08-01,447,608,1267,91706788
2026-08-02,469,696,1847,469158814
2026-08-03,680,1030,2562,520237791
2026-08-04,629,944,1929,617872466
2026-08-05,575,900,2005,391840337
2026-08-06,524,847,1733,196278325
2026-08-07,690,1018,3164,773546145
2026-08-08,563,697,1653,483268935
2026-08-09,475,631,1713,420871575
2026-08-10,621,973,3035,576589561
2026-08-11,672,1204,2595,941387364
2026-08-12,500,851,2390,640092180
2026-08-13,649,861,2248,750514351
2026-08-14,849,1019,2209,325298908
2026-08-15,1142,1319,2683,544921444
2026-08-16,677,971,1953,393224538
2026-08-17,668,1071,2526,349539537
2026-08-18,1310,1613,2791,216370308
2026-08-19,578,878,2400,164750479
2026-08-20,716,1011,2581,287031257
2026-08-21,628,966,2528,167946650
2026-08-22,532,782,1770,228205858
2026-08-23,495,790,1831,198044612
2026-08-24,704,1127,2632,171295619
2026-08-25,526,850,2108,399687936
2026-08-26,610,1008,2641,297669843
2026-08-27,611,1058,2572,150978733
2026-08-28,586,867,2015,140256792
2026-08-29,455,643,1366,162212899
2026-08-30,478,655,1509,88960140
2026-08-31,554,868,2345,156105055
2021-09-01,549,1195,8323,1609072608
2021-09-02,498,999,7206,1903601422
2021-09-03,462,1062,12882,1232940060
2021-09-04,333,689,12125,982502856
2021-09-05,372,714,11818,811063623
2021-09-06,584,1224,22615,1171609167
2021-09-07,639,1333,24969,1385662477
2021-09-08,614,1348,23620,1393773183
2021-09-09,618,1269,20855,1840840389
2021-09-10,541,1186,18935,2686446067
2021-09-11,333,716,11926,815981063
2021-09-12,414,1067,16075,1218318965
2021-09-13,689,1608,27730,2324752177
2021-09-14,781,1751,28551,2196698327
2021-09-15,710,1359,23453,2742998491
2021-09-16,722,1357,23807,1462958316
2021-09-17,637,1290,23408,2174495969
2021-09-18,438,1019,16641,1448373315
2021-09-19,424,927,14868,927254110
2021-09-20,673,1768,27762,1595712344
2021-09-21,883,1970,21598,1188009504
2021-09-22,1016,2182,30194,2437798098
2021-09-23,709,1593,27459,2404586340
2021-09-24,699,1421,24769,2046526773
2021-09-25,451,976,15907,1311608099
2021-09-26,516,1061,18349,1265712637
2021-09-27,800,1822,30173,2940080618
2021-09-28,773,1681,31213,1856798605
2021-09-29,719,1494,26837,1874280752
2021-09-30,737,1388,25737,1041841833
2022-09-01,719,2330,30718,2503892616
2022-09-02,562,6245,25018,3404668089
2022-09-03,396,6360,17317,3849821399
2022-09-04,466,2631,13017,1009770013
2022-09-05,706,10074,34117,2012413832
2022-09-06,651,2065,24976,2484405235
2022-09-07,722,6001,27857,2551241518
2022-09-08,751,1813,25707,2847117541
2022-09-09,726,2198,27172,3327911475
2022-09-10,457,2660,15829,2003773765
2022-09-11,500,1847,15309,2806799949
2022-09-12,719,2268,25419,4891658243
2022-09-13,691,21118,46836,3207887487
2022-09-14,687,1928,27587,2151368678
2022-09-15,679,3477,27907,1889507664
2022-09-16,672,2187,27936,3999025629
2022-09-17,495,1155,14285,2290110356
2022-09-18,460,1196,15999,2149596597
2022-09-19,775,2072,27539,4451447701
2022-09-20,768,2829,29075,3585237969
2022-09-21,729,2007,28933,5229134429
2022-09-22,780,2218,29989,5763078020
2022-09-23,687,1912,26463,2468224769
2022-09-24,450,1280,15748,1975917366
2022-09-25,548,1687,18322,2223655703
2022-09-26,870,3098,31224,5422771102
2022-09-27,821,3162,31659,2692997683
2022-09-28,812,2511,33122,5104308683
2022-09-29,819,2000,29981,2955130681
2022-09-30,604,1753,20856,1568513746
2023-09-01,523,1389,16377,2711726149
2023-09-02,355,813,9522,1115562658
2023-09-03,363,854,9908,1290372449
2023-09-04,588,1485,19535,2385923198
2023-09-05,714,1980,24532,3998316450
2023-09-06,643,1812,21701,1630485859
2023-09-07,690,1711,20439,2341598149
2023-09-08,645,1744,19962,1837726121
2023-09-09,443,1017,14316,1121386437
2023-09-10,474,1208,14181,1303880218
2023-09-11,734,1855,25196,2519850300
2023-09-12,825,2118,28616,3188435929
2023-09-13,805,1952,25963,2984947695
2023-09-14,775,1911,22782,2715992779
2023-09-15,686,1930,24106,2059854971
2023-09-16,459,1142,12350,998631668
2023-09-17,564,1199,17017,1619128594
2023-09-18,748,2318,26925,2535146449
2023-09-19,739,1892,23989,2102222540
2023-09-20,778,2046,26130,3212886590
2023-09-21,792,2055,26558,2139914182
2023-09-22,753,2159,25510,3579695704
2023-09-23,486,1372,14176,1937924894
2023-09-24,550,1381,16504,1807593084
2023-09-25,792,1856,25545,1825538846
2023-09-26,858,2133,26408,1806440527
2023-09-27,831,2005,28982,3162848851
2023-09-28,777,1757,23411,2301790481
2023-09-29,559,1257,16337,2998342160
2023-09-30,399,821,10118,1307880013
2024-09-01,357,953,10060,1345512642
2024-09-02,613,1679,20572,2059978875
2024-09-03,750,1614,23802,2649273021
2024-09-04,716,1586,23909,1854785679
2024-09-05,623,1471,20552,1153775208
2024-09-06,535,1112,16719,906752052
2024-09-07,400,914,12030,535633449
2024-09-08,459,977,12719,870209491
2024-09-09,873,1982,31589,3397157283
2024-09-10,793,1861,27570,2064232172
2024-09-11,771,1625,24314,1493495306
2024-09-12,687,1602,23307,1593901366
2024-09-13,569,1290,19998,1385608444
2024-09-14,455,980,15071,1226866796
2024-09-15,436,1029,12434,1389039635
2024-09-16,730,1457,21438,2057265494
2024-09-17,657,1230,18605,881325516
2024-09-18,795,2212,29356,1581774555
2024-09-19,853,2239,26465,6115701319
2024-09-20,732,1447,20824,1548747644
2024-09-21,586,1219,19194,1791546687
2024-09-22,581,1402,17431,2382982948
2024-09-23,898,1883,29126,2217595283
2024-09-24,887,1897,28267,1586603536
2024-09-25,964,2067,28889,2721799045
2024-09-26,931,2069,30040,2290145961
2024-09-27,767,1617,22817,1981120715
2024-09-28,679,1455,17364,2192734943
2024-09-29,594,1333,16902,1356988731
2024-09-30,767,1552,25783,1457620432
2025-09-01,764,1411,8174,751928291
2025-09-02,910,1594,9870,1333216386
2025-09-03,963,1869,11140,5279840312
2025-09-04,951,1788,9696,1156668691
2025-09-05,1056,1775,9468,1104921619
2025-09-06,616,1356,5635,1379355734
2025-09-07,617,1230,6286,740850003
2025-09-08,1177,2402,12324,1200599784
2025-09-09,1131,2232,12801,1329611937
2025-09-10,881,1796,10863,983229249
2025-09-11,912,1676,10245,667360338
2025-09-12,814,1805,9964,1401941438
2025-09-13,603,1233,7391,827577799
2025-09-14,565,1030,5774,409796762
2025-09-15,980,2278,12523,1511362935
2025-09-16,1210,2305,12299,1512416175
2025-09-17,1107,2234,13881,1275372330
2025-09-18,1122,2401,13724,840622344
2025-09-19,828,1823,10725,1041175439
2025-09-20,689,1281,5929,438093928
2025-09-21,786,1404,7095,640667616
2025-09-22,1025,2245,12949,1211914878
2025-09-23,966,1977,11720,1224105391
2025-09-24,973,2060,13159,1336933351
2025-09-25,1002,2140,13019,1867260910
2025-09-26,1000,2058,11947,1366883133
2025-09-27,661,1319,6438,1181274627
2025-09-28,724,1654,8686,2149919956
2025-09-29,981,2323,13055,2725609313
2025-09-30,937,1969,12854,3242617380
2026-09-01,616,1164,2926,212559852
2026-09-02,599,941,1855,241319225
2026-09-03,761,1304,2452,375734868
2026-09-04,592,992,2093,197507192
2026-09-05,495,707,1475,258810111
2026-09-06,484,811,1694,392251213
2026-09-07,589,1006,2003,425406026
2026-09-08,635,1176,2277,534029471
2026-09-09,807,1386,3043,634513740
2026-09-10,733,1232,2263,156993507
2026-09-11,955,1562,3075,420626730
2026-09-12,594,1026,1864,385696497
2026-09-13,630,1067,1909,328293603
2026-09-14,806,1437,3191,431331464
2026-09-15,728,1285,2692,1082505642
2026-09-16,820,1446,2780,837891435
2026-09-17,681,1107,2465,507617459
2026-09-18,759,1472,2801,525460062
2026-09-19,545,1004,1985,476202250
2026-09-20,799,1148,2355,126401804
2026-09-21,1057,1569,2829,317698969
2026-09-22,933,1425,2707,261040520
2026-09-23,1316,1941,3623,551923547
2026-09-24,792,1486,3175,483516025
2026-09-25,649,1293,2931,245658014
2026-09-26,607,899,1935,209785738
2026-09-27,782,1233,2450,440048773
2026-09-28,1018,2047,4961,380209900
2026-09-29,398,542,964,179424620
2016-10-09,1,1,1,0
2016-10-16,1,1,1,0
2016-10-23,1,1,1,0
2016-10-30,1,1,1,0
2021-10-01,614,1322,22490,2070609910
2021-10-02,369,927,14081,663521684
2021-10-03,427,853,15362,2213045979
2021-10-04,708,1532,28283,3212073871
2021-10-05,742,1581,28593,2265061433
2021-10-06,753,1594,27424,2025555155
2021-10-07,764,1478,27063,1645202396
2021-10-08,638,1236,22786,1402562538
2021-10-09,490,1038,17582,2486308846
2021-10-10,506,2984,19726,1324868701
2021-10-11,769,1552,31540,2757633414
2021-10-12,839,1809,32563,2204156084
2021-10-13,798,1812,31511,3016458204
2021-10-14,713,1482,28269,2115591779
2021-10-15,638,1313,23534,3266396076
2021-10-16,484,1042,16459,2933098821
2021-10-17,591,1408,21619,2909141755
2021-10-18,904,1895,34295,4712831278
2021-10-19,880,1800,31630,3565065396
2021-10-20,844,1709,33269,4545943620
2021-10-21,682,1352,25436,1922717680
2021-10-22,570,1131,21367,1271771099
2021-10-23,439,959,15392,1568019022
2021-10-24,463,1279,17672,2774739895
2021-10-25,705,1529,25136,2629377443
2021-10-26,788,1835,28719,3788093742
2021-10-27,729,1666,27905,3969709125
2021-10-28,706,1498,28665,1523589412
2021-10-29,656,1422,27690,2635561798
2021-10-30,480,1164,17213,2624807448
2021-10-31,536,1259,21136,2301870062
2022-10-01,397,1280,12375,1366279557
2022-10-02,517,1193,15969,1658204281
2022-10-03,767,2296,28451,2931702259
2022-10-04,872,2223,34598,4139706574
2022-10-05,813,2027,29707,3173493818
2022-10-06,870,2684,31589,5558610884
2022-10-07,780,2054,25750,4247070007
2022-10-08,572,2119,20323,1965018449
2022-10-09,757,2377,31317,1739436297
2022-10-10,901,3087,37031,6842488530
2022-10-11,951,2475,36552,3445763566
2022-10-12,909,2487,33318,4135375283
2022-10-13,899,2383,35371,5524469503
2022-10-14,906,4012,36448,4361332582
2022-10-15,584,1577,20964,3685641280
2022-10-16,601,2083,21171,2699113441
2022-10-17,985,3010,34978,5519303114
2022-10-18,1059,3452,38052,18788878359
2022-10-19,957,123052,155875,4449713551
2022-10-20,916,3037,32151,7941102693
2022-10-21,915,2732,32514,4019453664
2022-10-22,562,1480,16943,5186401465
2022-10-23,666,1827,20185,3197912254
2022-10-24,930,2714,33832,5132539339
2022-10-25,850,3383,31354,2682908111
2022-10-26,898,3291,31753,7026655492
2022-10-27,865,2341,28329,3444266266
2022-10-28,888,2189,30637,4935642411
2022-10-29,603,2902,21794,4092742166
2022-10-30,528,1324,16186,2483518278
2022-10-31,806,3349,28358,3618492614
2023-10-01,365,860,11312,922782110
2023-10-02,647,1349,19949,1603176744
2023-10-03,672,1559,31159,2461416821
2023-10-04,624,1582,20757,2438179171
2023-10-05,750,2138,23385,1664639499
2023-10-06,742,2729,28383,4606653026
2023-10-07,698,1650,26187,1515032951
2023-10-08,606,1640,20172,1887046064
2023-10-09,868,2255,29302,3881057102
2023-10-10,891,2345,31956,2655963578
2023-10-11,900,2268,29957,3720102366
2023-10-12,939,2442,32722,2577873817
2023-10-13,769,1873,23810,2368874221
2023-10-14,621,1817,18787,2034575473
2023-10-15,714,1750,22845,2229744319
2023-10-16,960,2560,31522,5168119633
2023-10-17,1052,2805,37893,6172272797
2023-10-18,953,2367,29761,2634503176
2023-10-19,972,2646,34674,3595915694
2023-10-20,752,1904,22363,2325484675
2023-10-21,599,1709,23454,1354380537
2023-10-22,656,1807,19687,2424551607
2023-10-23,974,2721,33341,4119854571
2023-10-24,1051,2982,39251,5843613262
2023-10-25,921,2533,30700,2593660427
2023-10-26,902,2322,30212,2403117824
2023-10-27,753,2052,26283,3136102243
2023-10-28,534,1298,16296,1785730553
2023-10-29,677,1725,20211,2295951446
2023-10-30,974,2871,31653,2742079273
2023-10-31,817,2100,27280,2090513975
2024-10-01,820,1525,20575,1496150279
2024-10-02,804,1677,21234,3167902557
2024-10-03,742,1551,21980,827429034
2024-10-04,720,1418,20826,2783552546
2024-10-05,490,1013,14003,1355763547
2024-10-06,665,1485,18217,2235246107
2024-10-07,922,2041,28577,2178957936
2024-10-08,1110,2834,39278,4563586987
2024-10-09,1092,2769,33818,4781247718
2024-10-10,977,2414,31517,3073122199
2024-10-11,827,1773,24249,2344551830
2024-10-12,745,1766,23000,2540713326
2024-10-13,670,1408,19552,1527899631
2024-10-14,1156,2458,33020,3498247981
2024-10-15,1270,2601,34519,4237958123
2024-10-16,1049,2484,31675,4009997887
2024-10-17,1051,2138,32184,1618638451
2024-10-18,1014,2264,30450,2473065856
2024-10-19,725,1683,21162,1687119460
2024-10-20,717,1740,20708,1910395921
2024-10-21,1104,2626,34901,4887441263
2024-10-22,1041,2190,31603,2792538820
2024-10-23,1057,2281,29654,3182342987
2024-10-24,1090,2379,31433,2648768882
2024-10-25,899,1818,26765,2805914559
2024-10-26,670,1588,19662,2021866646
2024-10-27,673,1576,17597,3663422269
2024-10-28,1113,2556,30873,2669063313
2024-10-29,1040,2322,31061,3676009885
2024-10-30,936,2072,29427,1193135461
2024-10-31,795,1684,23247,2322116515
2025-10-01,913,2002,10908,4123491945
2025-10-02,967,2008,11783,2781819797
2025-10-03,947,1893,10532,2360794851
2025-10-04,647,1401,6319,519210939
2025-10-05,838,1536,6529,720307831
2025-10-06,880,1651,11229,1302011774
2025-10-07,1070,2115,13134,1861379528
2025-10-08,991,1861,11468,1522964876
2025-10-09,1144,2038,13670,1336852818
2025-10-10,1063,1927,13173,1645396258
2025-10-11,829,1662,9278,1105303254
2025-10-12,944,1761,9276,1340849312
2025-10-13,1219,2451,15301,1476143311
2025-10-14,1261,2609,16523,2181356199
2025-10-15,1160,2069,16482,2682376133
2025-10-16,1315,2117,12393,2013311056
2025-10-17,1225,2234,12445,737776623
2025-10-18,840,1511,8224,1508047217
2025-10-19,804,1602,8643,1286890290
2025-10-20,1091,2237,12938,845740790
2025-10-21,994,1879,11881,1297758717
2025-10-22,1064,2139,12829,2192437505
2025-10-23,1249,2360,11849,1003064660
2025-10-24,1685,2515,10572,1245058498
2025-10-25,1703,2515,7769,1025437985
2025-10-26,1293,1976,8139,1313933998
2025-10-27,1540,2605,12758,1559552865
2025-10-28,1359,2430,12757,1124668648
2025-10-29,1123,2315,12770,1594602070
2025-10-30,1270,2520,13868,1071314053
2025-10-31,1126,2059,10322,998696813
2016-11-06,1,1,1,0
2016-11-13,1,1,1,0
2016-11-20,1,1,1,0
2016-11-27,1,1,1,0
2017-11-23,0,0,55,389281
2017-11-25,0,0,8,98740
2017-11-26,0,0,50,901786
2017-11-28,0,0,367,10355895
2017-11-29,0,0,517,11256649
2017-11-30,0,0,496,6229221
2021-11-01,700,1511,25372,2202448708
2021-11-02,790,1616,30316,3173847610
2021-11-03,834,1896,31917,2715789288
2021-11-04,665,1352,23748,2066687090
2021-11-05,585,1425,21927,2276511698
2021-11-06,523,1175,17868,1578262659
2021-11-07,561,1278,20035,4058606216
2021-11-08,761,1632,27331,3404009535
2021-11-09,819,1815,28950,3451698580
2021-11-10,768,1535,29968,2873468327
2021-11-11,811,1680,28087,2319423750
2021-11-12,712,1440,25505,2207214903
2021-11-13,495,1080,16200,2028535913
2021-11-14,539,1118,18452,1647084696
2021-11-15,759,1739,29696,4397291046
2021-11-16,859,1818,30312,4733893021
2021-11-17,836,1710,30925,2002484428
2021-11-18,754,1660,29578,2101140185
2021-11-19,622,1283,23491,2250107909
2021-11-20,501,1049,18157,1403863745
2021-11-21,524,1160,18055,1660232879
2021-11-22,786,1662,31042,4855166062
2021-11-23,849,1743,29861,2199657939
2021-11-24,777,1542,27509,3002778863
2021-11-25,720,1589,27568,3675782631
2021-11-26,594,1250,21943,2007330896
2021-11-27,474,1111,18661,1655259687
2021-11-28,450,921,15817,1258878638
2021-11-29,739,1506,29854,1860301067
2021-11-30,744,1459,29819,2307364097
2022-11-01,756,2227,27131,3429531130
2022-11-02,898,2329,32368,3652882029
2022-11-03,971,2527,35115,2977365443
2022-11-04,894,2154,31541,5013724490
2022-11-05,647,2225,34992,3989009809
2022-11-06,634,1671,21061,3556113318
2022-11-07,930,2511,35588,4085806127
2022-11-08,1044,2972,39741,6778876384
2022-11-09,997,2694,40535,5333682384
2022-11-10,1003,2625,36048,2958431113
2022-11-11,756,2061,30382,2354536569
2022-11-12,546,1335,19404,2321643369
2022-11-13,699,1961,25350,3070539737
2022-11-14,1069,2671,41954,4957243325
2022-11-15,944,2389,38079,3983359129
2022-11-16,940,2273,37166,4120593375
2022-11-17,868,2152,32057,3770989010
2022-11-18,840,2175,32710,3700468075
2022-11-19,644,1646,23198,2525150961
2022-11-20,613,1719,20988,3424674733
2022-11-21,869,2206,34153,4856868659
2022-11-22,870,2280,34089,3304277078
2022-11-23,858,2253,33494,4174565734
2022-11-24,851,2154,31827,3070129600
2022-11-25,751,1941,31072,4604243107
2022-11-26,646,1572,22866,2231808763
2022-11-27,665,1766,24255,3792969517
2022-11-28,863,2300,32952,4094677440
2022-11-29,803,2074,29149,6025513714
2022-11-30,858,2186,30339,4179827823
2023-11-01,876,2205,26706,2147795339
2023-11-02,945,2700,30016,2735479160
2023-11-03,749,1904,22743,2497213632
2023-11-04,612,1727,20246,2038691271
2023-11-05,570,1412,17588,1648607849
2023-11-06,833,2232,28460,2082593788
2023-11-07,847,2061,28896,2499857413
2023-11-08,892,2325,29231,4011382969
2023-11-09,819,2044,27846,2230608301
2023-11-10,755,1692,25270,2008236284
2023-11-11,532,1267,16786,1731158113
2023-11-12,585,1239,20184,1399747664
2023-11-13,923,2029,31959,2050599698
2023-11-14,832,1965,28780,2374056332
2023-11-15,833,2057,28776,2598642096
2023-11-16,847,2075,27486,2663553486
2023-11-17,825,1958,26181,3447587043
2023-11-18,596,1850,22102,2757578218
2023-11-19,527,1082,16684,1255432499
2023-11-20,821,2127,29794,2576535714
2023-11-21,844,1956,38116,2340290611
2023-11-22,893,2306,31432,5572043523
2023-11-23,730,1928,30276,2736354239
2023-11-24,633,1538,22090,2176895531
2023-11-25,506,1332,16920,3220897432
2023-11-26,529,1178,17468,1388822034
2023-11-27,759,1976,27503,2656991480
2023-11-28,699,1632,23340,1699118223
2023-11-29,786,1822,25690,1991762588
2023-11-30,727,1681,23768,1892453467
2024-11-01,786,2064,23931,2134637010
2024-11-02,596,1127,14694,1156025681
2024-11-03,721,1396,19496,1953045762
2024-11-04,1138,2700,37052,4779806516
2024-11-05,1067,2242,31345,2908701847
2024-11-06,1097,2479,32626,4440772571
2024-11-07,974,2243,27602,1871101355
2024-11-08,906,2072,25007,1493625142
2024-11-09,744,1742,19791,2035504873
2024-11-10,677,1702,18580,2573064272
2024-11-11,1010,2412,31010,2794291782
2024-11-12,1057,2402,31429,2938645345
2024-11-13,974,2192,30586,3314044189
2024-11-14,938,2007,28286,2332670203
2024-11-15,860,1961,25771,1875550507
2024-11-16,629,1210,16476,1215789599
2024-11-17,663,1378,18952,1836590925
2024-11-18,969,2112,27340,4469533185
2024-11-19,961,2063,26872,2233772536
2024-11-20,927,2017,28285,2770664097
2024-11-21,940,1850,25832,2289723502
2024-11-22,846,1971,22778,1643210473
2024-11-23,509,1156,15300,2711011325
2024-11-24,575,1124,15453,2460962696
2024-11-25,932,2281,30629,5089061243
2024-11-26,1118,2595,35784,3587517415
2024-11-27,858,1880,25398,3270807854
2024-11-28,759,1680,22961,3287775365
2024-11-29,796,1577,20508,1367085157
2024-11-30,549,1033,14240,1137700555
2025-11-01,893,1858,8037,992653404
2025-11-02,878,1710,9197,1680539212
2025-11-03,1254,2993,13427,1599307203
2025-11-04,1224,2426,14044,2803860905
2025-11-05,1350,2514,13722,1490826481
2025-11-06,1384,2705,15042,1619622978
2025-11-07,978,1884,11653,1572207733
2025-11-08,880,1745,9547,1506996758
2025-11-09,902,2124,10617,1319393871
2025-11-10,1556,3034,14218,4406995730
2025-11-11,1311,2305,12505,1396321446
2025-11-12,1173,2096,11834,1227157274
2025-11-13,1219,2047,11982,2430674548
2025-11-14,1251,2200,12912,1797328088
2025-11-15,835,1395,8464,1098116299
2025-11-16,872,1500,8247,816874798
2025-11-17,1171,2383,14074,2583265023
2025-11-18,1109,2127,13517,1807228495
2025-11-19,1428,2564,13245,1695542634
2025-11-20,1876,3059,14903,1699303505
2025-11-21,984,1879,11201,1043565056
2025-11-22,747,1507,8002,845341484
2025-11-23,685,1412,7624,1860832660
2025-11-24,956,1982,11797,1930029356
2025-11-25,1053,1859,11603,1263845768
2025-11-26,879,1773,10896,1562212489
2025-11-27,1072,1996,10906,1775386870
2025-11-28,722,1290,7702,777207163
2025-11-29,734,1241,6620,560329821
2025-11-30,777,1282,8277,799498802
2016-12-04,1,1,1,0
2016-12-11,1,1,1,0
2016-12-18,1,1,1,0
2016-12-23,85,654,1890,32501246
2016-12-24,444,1461,4477,81644102
2016-12-25,560,1957,5728,113515604
2016-12-26,594,1843,6561,109835759
2016-12-27,620,2110,7047,105931852
2016-12-28,858,2472,9743,141078725
2016-12-29,746,2425,7655,109786294
2016-12-30,663,2100,6531,97612258
2016-12-31,570,1577,4715,78340959
2021-12-01,736,1504,28582,3195189971
2021-12-02,798,1583,31100,2842900064
2021-12-03,566,1270,21842,2607095657
2021-12-04,476,1359,17986,817620762
2021-12-05,559,1416,19618,1766648134
2021-12-06,764,3118,28190,2099369176
2021-12-07,673,1391,26862,2543875833
2021-12-08,754,1520,25894,1664319114
2021-12-09,713,1382,26096,2985173587
2021-12-10,653,1441,21549,3439321309
2021-12-11,481,2779,17066,2579141963
2021-12-12,489,1938,16219,1345929632
2021-12-13,689,1336,25055,1569179640
2021-12-14,642,1547,23843,1919078835
2021-12-15,580,1149,21691,2127653828
2021-12-16,705,1736,25173,2085441768
2021-12-17,594,38839,57502,1271952240
2021-12-18,397,1155,13517,691610275
2021-12-19,434,1285,14519,1351806507
2021-12-20,640,1526,25065,1735044371
2021-12-21,581,1682,20304,2689839451
2021-12-22,488,1310,16755,1879192078
2021-12-23,443,1187,16055,1270461073
2021-12-24,389,1194,13845,1357058035
2021-12-25,382,1023,12209,887635909
2021-12-26,371,837,12367,2213221861
2021-12-27,436,1260,16632,1080993637
2021-12-28,548,1688,21033,2142803467
2021-12-29,536,1289,20477,1445339583
2021-12-30,409,1891,16202,2079678853
2021-12-31,325,847,10978,962705819
2022-12-01,907,2505,39088,5969893478
2022-12-02,705,1764,26158,3217638537
2022-12-03,575,1298,19691,1733979221
2022-12-04,667,1655,22164,4994185414
2022-12-05,852,2073,32556,3039910601
2022-12-06,846,2394,32039,2778792149
2022-12-07,767,2204,29466,3273898074
2022-12-08,731,1812,25190,1951520621
2022-12-09,626,1830,19499,2212744237
2022-12-10,495,1406,16183,1866758460
2022-12-11,621,1546,21529,2749397407
2022-12-12,734,1683,25135,2192949423
2022-12-13,625,1680,22793,2037545849
2022-12-14,674,1596,23584,1690876283
2022-12-15,737,1709,26358,1568126927
2022-12-16,596,1398,20606,3340893591
2022-12-17,441,1194,17297,2340848932
2022-12-18,435,1118,14607,2232645594
2022-12-19,564,1426,21626,1923717245
2022-12-20,562,1537,19925,1918771703
2022-12-21,609,1477,24747,1897060102
2022-12-22,543,1418,19332,2034498397
2022-12-23,485,1132,15645,1129267996
2022-12-24,372,833,11073,1040835814
2022-12-25,354,990,12264,890965762
2022-12-26,468,1220,15939,1549364015
2022-12-27,451,1148,17397,1989332814
2022-12-28,533,2359,52126,2700092062
2022-12-29,451,1161,15683,1225880472
2022-12-30,428,1218,15041,1115252174
2022-12-31,296,1168,11590,964112320
2023-12-01,682,1928,25414,2069838139
2023-12-02,615,1600,20846,1598126208
2023-12-03,576,1224,17200,1506525852
2023-12-04,778,1978,25520,2305393752
2023-12-05,816,2205,27706,2086486561
2023-12-06,848,2295,29439,3153234344
2023-12-07,744,2044,24804,2100743382
2023-12-08,652,1640,18931,1625561147
2023-12-09,512,1326,16964,1420217666
2023-12-10,530,1388,15772,862672336
2023-12-11,804,2292,28513,2447403636
2023-12-12,737,1751,24767,1547642775
2023-12-13,709,1951,23592,1334775633
2023-12-14,675,1591,22405,1983948004
2023-12-15,662,1677,21391,1606370650
2023-12-16,430,1001,13415,917349734
2023-12-17,575,1543,21229,1428589834
2023-12-18,766,1843,27252,2251564627
2023-12-19,648,1455,21255,1569312196
2023-12-20,699,2100,23926,2018963579
2023-12-21,668,1947,22538,1703961480
2023-12-22,698,1509,15990,1882454627
2023-12-23,449,1071,13668,1337504414
2023-12-24,805,1716,16518,789325102
2023-12-25,809,1906,21198,941420822
2023-12-26,571,1898,19500,2207144540
2023-12-27,459,1436,14883,2049342950
2023-12-28,518,1579,16952,2237322849
2023-12-29,520,1535,16691,2113221374
2023-12-30,408,1142,12239,1533501746
2023-12-31,337,992,10107,573855356
2024-12-01,586,1386,16645,1377016631
2024-12-02,956,2227,29153,3183148109
2024-12-03,936,1760,24481,1562232738
2024-12-04,1056,2320,29704,2353679562
2024-12-05,925,2328,23000,2723621475
2024-12-06,893,3080,26615,2465634140
2024-12-07,618,2060,18490,1959284998
2024-12-08,728,1376,19618,2804404490
2024-12-09,1060,3516,31576,2942328463
2024-12-10,993,2444,27299,2653426303
2024-12-11,947,3510,33824,3142702108
2024-12-12,964,3332,27733,3059339004
2024-12-13,929,1770,21565,2196288762
2024-12-14,669,3464,19030,1373106025
2024-12-15,633,2671,16963,1908449497
2024-12-16,861,2775,27073,2323888996
2024-12-17,934,2177,28280,1907105809
2024-12-18,948,2259,30163,2331275158
2024-12-19,816,1865,22788,2608376898
2024-12-20,798,1640,23237,1861163867
2024-12-21,548,5725,20833,1337100317
2024-12-22,598,1964,10511,711852067
2024-12-23,741,1846,9619,917831784
2024-12-24,737,1730,10191,1125972227
2024-12-25,630,1419,8646,1058418360
2024-12-26,790,1791,10640,1084222523
2024-12-27,787,1818,9609,1036844944
2024-12-28,578,1165,7348,1086508418
2024-12-29,563,1060,6970,1522184367
2024-12-30,749,1856,10078,1002208168
2024-12-31,551,1614,7573,547457188
2025-12-01,1009,1814,11441,1208995435
2025-12-02,1215,2047,12473,1733812806
2025-12-03,1358,2461,12907,2649749835
2025-12-04,982,1818,11603,1623986199
2025-12-05,1071,1896,11138,1984445239
2025-12-06,858,1958,7794,1780949349
2025-12-07,1003,2009,10275,1398450593
2025-12-08,874,1696,10503,1609484591
2025-12-09,898,1670,11084,1564752081
2025-12-10,1094,2004,12317,1923512866
2025-12-11,1110,2084,14424,1830395792
2025-12-12,973,1497,8983,625670980
2025-12-13,1121,1556,9237,893417023
2025-12-14,736,1349,9266,629258666
2025-12-15,1003,1736,11377,817929657
2025-12-16,1030,1802,11172,1230642172
2025-12-17,1052,1976,9757,1703962949
2025-12-18,1026,1717,10976,1122491765
2025-12-19,886,1477,9249,807953477
2025-12-20,723,1109,6518,578814874
2025-12-21,715,1214,8427,459563463
2025-12-22,828,1669,9588,782322178
2025-12-23,742,1316,8359,828382896
2025-12-24,731,1441,8324,830525344
2025-12-25,587,906,5765,399873822
2025-12-26,643,1071,6261,480669632
2025-12-27,710,1053,6456,783467033
2025-12-28,636,1128,5379,410816722
2025-12-29,650,1253,7798,986053338
2025-12-30,708,1502,9349,1155401333
2025-12-31,665,1670,7047,572814630
